artist,count,,,
Der Plan,7,,,
Lionel Rogg,7,,,
Funeral For A Friend,7,,,
Chris Farlowe,6,,,
Mongo Santamaria,6,,,
Pagan Wanderer Lu,5,,,
Willie Clayton,5,,,
Barbara Lusch,5,,,
Steve Vai,5,,,
Fall Out Boy,5,,,
Whitesnake,4,,,
Bill Engvall,4,,,
Memphis La Blusera,4,,,
Pepper,4,,,
King Curtis,4,,,
Gold City,4,,,
The Cate Brothers,4,,,
Michèle Arnaud,4,,,
Keb' Mo',4,,,
The Dee Jays,3,,,
Sofia Karlsson,3,,,
N.W.A.,3,,,
unloco,3,,,
Joi,3,,,
Fito Paez,3,,,
Rancid,3,,,
A Tribe Called Quest,3,,,
Bow Wow Wow,3,,,
Alternative TV,3,,,
Ray Sandoval,2,,,
Xzibit,2,,,
Ned Miller,2,,,
Berrogüetto,2,,,
Jim Bryson,2,,,
Steve Smith,2,,,
Les Bantous De La Capitale,2,,,
Wild Horses,2,,,
Bruno Sanfilippo,2,,,
Mohammad Nouri,2,,,
Annie Blanchard,2,,,
North Mississippi Allstars,2,,,
Aisha Duo,2,,,
Handsome Boy Modeling School,2,,,
Daath,2,,,
Modeselektor,2,,,
The Wilburns,2,,,
Mr.De',2,,,
40 Grit,2,,,
Danielle Bollinger,2,,,
The Five Stairsteps,2,,,
Mind Furniture,2,,,
Patti Smith,2,,,
Eddie Money,2,,,
Hot Club Of Cowtown,2,,,
Jinx,1,,,
Daler Mehndi;Chitra,1,,,
The Unborn Chikken Voices,1,,,
Kekele,1,,,
Sly Dunbar,1,,,
Jason Michael Carroll,1,,,
Diamond D,1,,,
Emile Vacher,1,,,
The Cliks,1,,,
D.R.S.,1,,,
Kira,1,,,
Jimmie Vaughan,1,,,
Dr Bombay,1,,,
The Wiyos,1,,,
East To West,1,,,
The Glencastle Sound,1,,,
Emery,1,,,
Kurtis Blow,1,,,
Toby Love Feat. Girlz Talk,1,,,
Wednesday 13,1,,,
Corb Lund,1,,,
Ndala Kasheba,1,,,
MU330,1,,,
Sonny Terry,1,,,
Trentemoller,1,,,
Peter Gallagher,1,,,
Samba Enredo,1,,,
Adrienne Pierce,1,,,
Jack Orsen feat. Fumanschu_ Justus,1,,,
Scheich,1,,,
Astrovamps,1,,,
Edgar De L'est,1,,,
Manjul,1,,,
ColdWorld,1,,,
Patricia Kaas,1,,,
Lil Boosie,1,,,
MDO,1,,,
Owsley,1,,,
Yvette,1,,,
Mongo Santamaria Orchestra,1,,,
Deep Blue Something,1,,,
Sound Field,1,,,
Falling Into Place,1,,,
Eduardo Dusek,1,,,
Bone Loc,1,,,
Caramell,1,,,