Aerosmith,11
Line Renaud,11
Radiohead,11
Sugar Minott,11
Mario Rosenstock,11
The Jackson Southernaires,11
Red Hot Chili Peppers,10
Shakira,10
Bill & Gloria Gaither,10
Pumpkin Buzzard,10
Mikey Dread,10
Nick Cave & The Bad Seeds,10
Snow Patrol,10
Phil Collins,10
RUN-DMC,9
White Heart,9
Michael Jackson,9
Jacques Douai,9
George Lopez,9
DJ Nasty,9
R. Carlos Nakai,9
Seal,9
Skeeter Davis,9
Stevie Ray Vaughan And Double Trouble,9
Madonna,9
Les Ogres De Barback,9
Hank Locklin,9
2 Minutos,9
The Real Kids,8
Marco Beltrami,8
Selena,8
Sister Hazel,8
The Marx Brothers,8
The Rolling Stones,8
Vangelis,8
Britney Spears,8
Cali,8
EPMD,8
Daniel Johnston,8
The Del McCoury Band,8
Eminem,8
Alexandre Desplat,8
Furry Lewis,8
Otis Spann,8
Behemoth,8
Sex Pistols,8
Ayo,8
Anti-Flag,8
David Arkenstone,8
Little Milton,7
Jesse Malin,7
Chris Brown,7
Muse,7
Dolly Parton,7
Helen Love,7
Busdriver,7
Jeff And Sheri Easter,7
The Fabulous Thunderbirds,7
Fruko Y Sus Tesos,7
Blingtones,7
Atreyu,7
Leroy Hutson,7
Foo Fighters,7
Angela Dimitriou,7
Der Plan,7
Lyrics Born,7
The Winans,7
Lionel Rogg,7
Funeral For A Friend,7
Santana,7
Nestor Torres,7
Julien Clerc,7
Lizzy Borden,7
Agnostic Front,7
Gonzalo Rubalcaba,7
Roy Rogers,7
Slipknot,7
Thrice,7
Tyrone Taylor,7
Eddy Raven,7
Johnny Osbourne,7
Bryan Ferry,7
Justin,7
Jacques Dutronc,7
Bon Jovi,7
La Portuaria,7
K-OS,7
Michael Bloomfield,7
Andy & Lucas,7
Placebo,7
Martina McBride,7
Atman,7
Claire Hamill,7
John Mayall & The Bluesbreakers,7
Rickie Lee Jones,7
Carl Smith,7
Jimmy Wakely,7
Michael Stanley Band,7
Orquesta Sublime,7
Dropkick Murphys,7
Orbital,7
Alice In Chains,7
3 Doors Down,7
John Brown,7
Randy Travis,6
Blue Rodeo,6
Wilks,6
Thomas Battenstein,6
Busta Rhymes,6
fIREHOSE,6
Michael Gettel,6
Hélio Ziskind,6
Stephan Micus,6
Rise Against,6
The Stooges,6
Jim Reeves,6
Chris Farlowe,6
Mighty Diamonds,6
The Killers,6
Usher,6
Beenie Man,6
Nelson Ned,6
Gorillaz,6
Vivian,6
Jay Pérez,6
Maysa,6
Mons Leidvin Takle,6
Irma Thomas,6
X-Raided,6
Ray Barretto,6
Jo-El Sonnier,6
Arthur Tracy,6
Mongo Santamaria,6
Bad Company,6
The Perrys,6
Coldplay,6
Rihanna,6
Bobby Darin,6
Dr. Elmo,6
Bob Wills,6
Tim Wilson,6
Flor Silvestre,6
Tanto Metro & Devonte,6
Gal Costa,6
Tony Joe White,6
Billie Jo Spears,6
Van Halen,6
Brenda Lee,6
Pursuit Of Happiness,6
Casual,6
Gloria Lasso,6
Tam Tam Go!,6
Solomon,6
The Black Crowes,6
Thomas Dolby,6
Rita Chiarelli,6
Faithless,6
Schizoid,6
Capleton,6
Beyoncé,6
Sandy Lam,6
K's Choice,6
Jean-Jacques Goldman,6
Washboard Sam,6
Jazz Gillum,6
Eric Burdon,6
Silverstein,6
Moraes Moreira,6
Richard Galliano,6
The Ataris,6
Vickie Winans,6
Juan Carlos Baglietto,6
Amorphis,6
Roy Drusky,6
Kraftwerk,6
Jennifer Lopez,6
Isabel Pantoja,6
Jane's Addiction,6
Gary Moore,6
Bobby Pulido,6
The Police,6
Charlie Peacock,6
The Impressions,6
Kings Of Leon,6
Jimmy Riley,6
Los Auténticos Decadentes,6
Penguin Café Orchestra,6
Aiden,6
Dave Hollister,6
Terry Callier,6
Margaret Becker,6
Dora The Explorer,6
John Hammond,6
Don Gibson,6
Jope Ruonansuu,6
André Verchuren,6
Jack Johnson,6
Michèle Bernard,6
U2,6
Bad Brains,6
Sasha,6
Malkit Singh,6
Murskahumppa,6
Butthole Surfers,6
Jackie Wilson,6
Blind Willie Johnson,6
Quinteto Violado,6
Roger Williams,5
Nirvana,5
Mary Black,5
Crazy Horse,5
Casiotone For The Painfully Alone,5
Les Hou-Lops,5
Malefaction,5
Irwin Goodman,5
The Paul Butterfield Blues Band,5
Beastie Boys,5
Cockney Rejects,5
Angelo Badalamenti,5
Pierre Perret,5
Helmet,5
Scott Krippayne,5
Suicidal Tendencies,5
Sade,5
The Irish Rovers,5
Pagan Wanderer Lu,5
Inspiral Carpets,5
Between The Buried And Me,5
Black Debbath,5
4Him,5
The Elders,5
Willie Clayton,5
Joe Lynn Turner,5
Glen Ricks,5
Marc Perrone,5
The Pharcyde,5
Alejandro Lerner,5
The Jordanaires,5
Michael Card,5
Bill Douglas,5
Barbara Lusch,5
Finntroll,5
Eddie Cano,5
Tex Williams,5
Bad Religion,5
Glen Washington,5
Jimmy Witherspoon,5
Alice Cooper,5
Gertrudis,5
Twista,5
Emilio,5
The Nelons,5
David Tao,5
Soul Asylum,5
Sleepy John Estes,5
The Refreshments,5
Ini Kamoze,5
Cindy Morgan,5
Singing Melody,5
Missy Higgins,5
Percy Faith,5
Broadcast,5
Don Francisco,5
The Prodigy,5
Bongzilla,5
Happy Mondays,5
Kaija Koo,5
Zeromancer,5
Jane Winther,5
The Chap,5
Shirley Caesar,5
Goatwhore,5
Aeoliah,5
Los Fabulosos Cadillacs,5
Dakis,5
Steel Pulse,5
Alicia Keys,5
Robben Ford,5
Janet Jackson,5
Tito Puente,5
The Roches,5
John Williams,5
James Horner,5
Steve Vai,5
Delroy Wilson,5
Atomic Rooster,5
DeGarmo & Key,5
Joe Rogan,5
Joe Bonamassa,5
Jason Miles,5
Juana Molina,5
Sophie Tucker,5
Luis Alberto Spinetta,5
Neil Diamond,5
Christina Aguilera,5
John Mayer,5
Laurie Berkner,5
Poncho Sanchez,5
Kool Moe Dee,5
Darwin Hobbs,5
Lady Saw,5
Marc Shaiman,5
Ronnie Milsap,5
Uriah Heep,5
Asleep At The Wheel,5
Information Society,5
Barbara Fairchild,5
D.O.W.N.,5
Julie Zenatti,5
Los Originales De San Juan,5
Porcupine Tree,5
UFO,5
Ashes to Ashes,5
Luiz Bonfa,5
Andy Griffith,5
Tiny Tim,5
Lee Ritenour,5
An Cafe,5
Tom Cochrane,5
Henri Pousseur,5
Cece Winans,5
Bad Azz,5
Naseebo Lal,5
María Elena Walsh,5
Josh Groban,5
Marcus Miller,5
Black Flag,5
Naughty By Nature,5
Nana Caymmi,5
Kathy Troccoli,5
The Gone Jackals,5
Brazilian Tropical Orchestra,5
Fall Out Boy,5
Bert Kaempfert And His Orchestra,5
Gabriel Yared,5
Guns N' Roses,5
Moss,5
Mobb Deep,5
Raze,5
Pitch Black,5
Francis Lai,5
ÄI-TIEM,5
Mark Lowry,5
Quadro Nuevo,5
Janis Joplin,5
Danny Wright,5
Freddie McGregor,5
Intars Busulis,5
David Meece,5
Rick Astley,5
Sonora Carruseles,5
Hushabye Baby,5
The Roots,5
Snowgoons,5
Klaus Badelt,5
Camp Lo,5
Roy Brown,5
Maximilian Hecker,5
Blind Lemon Jefferson,5
Bob Margolin,5
Pablo Montero,5
Redman,5
Aleks Syntek,5
Public Image Ltd,5
T-Bone,5
Johnny Cash,5
Slum Village,5
MC5,5
Glad,5
Jimi Hendrix,5
Kitaro,5
Dimmu Borgir,5
Frank Chacksfield,5
Joy Division,5
Pyranja,5
Faith Hill,5
Simon Harris,5
Mariah Carey,5
Blind Blake,5
Small Faces,5
DJ Godfather,5
VHS Or Beta,5
Moon Mullican,5
Mau Mau,5
The American Boychoir,5
Bobby Vee,5
Mudhoney,5
Adam Ant,5
Simply Red,5
Jesus Jones,5
JennyAnyKind,4
4 Skins,4
Weezer,4
Michael Whalen,4
Sonora Santanera,4
Eddy Arnold,4
Mazz,4
Grandpa Jones,4
Michael McDonald,4
Fun Lovin' Criminals,4
Commander Cody And His Lost Planet Airmen,4
Sick Of It All,4
Natassa Theodoridou,4
Gym Class Heroes,4
Less Than Jake,4
Pardesi,4
Dionne Warwick,4
ARRESTED DEVELOPMENT,4
The Misfits,4
Charlie Byrd,4
Curtis Mayfield,4
Shriekback,4
Günter Noris,4
Nightwish,4
Beherit,4
Frank Ifield,4
John Tchicai,4
Shawn Colvin,4
Tech N9ne,4
Scott Wesley Brown,4
David Bowie,4
The Box Tops,4
Stefon Harris,4
Alan Silvestri,4
Tracy Byrd,4
Bill Laswell,4
Erik Berglund,4
Dario Marianelli,4
Kenny Rogers,4
1. Futurologischer Congress,4
Teena Marie,4
Aesop Rock,4
Whitesnake,4
Leon Russell,4
Erkki Junkkarinen,4
Candy Lo,4
Carlos Nuñez,4
Workhorse,4
The Chieftains,4
Zbigniew Preisner,4
Sunnyland Slim,4
Mindy McCready,4
KT Tunstall,4
Bill Engvall,4
Blackfoot,4
Babbie Mason,4
Ms. Dynamite,4
Esa Pakarinen,4
Memphis La Blusera,4
Emperor,4
Jean Segurel,4
Megadrums,4
Geier Sturzflug,4
Headhunter,4
The New York Dolls,4
Andreas Dorau,4
Mastodon,4
Wyclef Jean,4
Tim Exile,4
Hank Penny,4
Joe McBride,4
Krystof,4
The Doors,4
Dark Shadows,4
Johnny Pearson,4
Wayne Watson,4
Basic Channel,4
Marvin Sapp,4
Kali,4
Why?,4
True Believers,4
Barbarito Diez,4
Chris Standring,4
Bukka White,4
Carlos Baute,4
The Mars Volta,4
Sonny Terry & Brownie McGhee,4
Joe Turner,4
Guitar Slim,4
Hevia,4
Oasis,4
Heaven 17,4
P.O.D.,4
Sophie B. Hawkins,4
Joe Grushecky,4
Leona Naess,4
Steve Green,4
THE CHIFFONS,4
Dark Fortress,4
Paul Taylor,4
Carlos Ponce,4
Mando Diao,4
John Cale,4
Enrique Iglesias,4
The Twinkle Brothers,4
Mighty Mighty Bosstones,4
Nick Ingman,4
Fever Ray,4
Seventh Day Slumber,4
Janet Paschal,4
Devo,4
Rocio Jurado,4
Bill Murk,4
Tito Rodriguez,4
In Extremo,4
Perrey And Kingsley,4
Marlene Dietrich,4
Los Traileros Del Norte,4
Jah Cure,4
Toots Thielemans,4
James Taylor,4
Kent,4
2raumwohnung,4
Moonspell,4
Rhian Sheehan,4
Karen Peck And New River,4
Cocoa Tea,4
Miossec,4
The Shangri-Las,4
The Fray,4
Silverchair,4
Raphaël,4
Birmingham Jubilee Singers,4
US Coast Guard Band,4
Negura Bunget,4
MxPx,4
Pepper,4
Blind Willie McTell,4
Simple Minds,4
Tesla,4
Eurythmics,4
Tin Hat Trio,4
Goldfinger,4
Bob Marley,4
Los Iracundos,4
Eason Chan,4
Ragheb Alama,4
Clara Nunes,4
Big Star,4
Danny Williams,4
Pennywise,4
Photek,4
KALIMBA,4
Peggy Lee,4
Regina Belle,4
William Orbit,4
Pascal Obispo,4
Klimperei,4
Josh White,4
Los Del Rio,4
Bob Carlisle,4
Lonnie Johnson,4
David Hudson,4
Georges Delerue,4
Jo Privat,4
Eddie,4
John Holt,4
Los Chunguitos,4
Hoods,4
Steve Chou,4
DJ Quik,4
John Berry,4
Kruger,4
Suzi Quatro,4
Primordial,4
Despina Vandi,4
Hot Tuna,4
Leon Lai,4
Jerry Butler,4
Willie Bobo,4
Kingston Trio,4
Astarte,4
The London Theatre Orchestra,4
Hot Chip,4
Scar Symmetry,4
S.U.P,4
The Meatmen,4
Mötley Crüe,4
Fat Joe,4
Uman,4
The Jam,4
Tyrone Davis,4
Ray Conniff,4
Gene Autry,4
Kathy Mattea,4
Jason Mraz,4
Jay & The Americans,4
Martin Sexton,4
Papa Wemba,4
Kitty Kallen,4
King Curtis,4
Toni Braxton,4
Britt Nicole,4
Junior Reid,4
Lily Allen,4
Bounty Killer,4
Kix,4
C.C. Adcock,4
Freddie King,4
Gold City,4
Tha Liks,4
John Sebastian,4
Mance Lipscomb,4
BT,4
Erick Sermon,4
Franco,4
Twila Paris,4
Open Hand,4
Russ Morgan,4
Francis Dunnery,4
Dee Clark,4
The Cate Brothers,4
Miriam Yeung,4
Static-X,4
Bruce Rowland,4
Pentangle,4
Sui Generis,4
The Rascals,4
L.A. Guns,4
Marcie Blane,4
Hatebreed,4
Pacha Massive,4
Piero Umiliani,4
Java,4
Vanessa Daou,4
David Saylor,4
Champion Jack Dupree,4
Rui Da Silva,4
Alfredo Gutiérrez,4
Soda Stereo,4
Patty Griffin,4
The Baltimore Consort,4
Nine Inch Nails,4
Flora Purim,4
Michelle Tumes,4
Statues,4
NOFX,4
Peggy Zina,4
Bob Marley & The Wailers,4
Slim Whitman,4
Los Chichos,4
The Sonics,4
FFH,4
The Cure,4
Yahir,4
The Cardigans,4
Eddie Cantor,4
David Summers,4
Wolfmother,4
Nickelback,4
Brand X,4
Jim Kweskin,4
Darden Smith,4
Jim Chappell,4
Der Moderne Man,4
Wednesday 13's Frankenstein Drag Queens From Planet 13,4
Korn,4
themselves,4
Charlie Louvin,4
Johnny Horton,4
Taking Back Sunday,4
Ann Hampton Callaway,4
Deodato,4
Maria Muldaur,4
The Fureys,4
Leo Ku,4
Johnny Pacheco,4
Paso Doble,4
Marilyn Horne,4
The Smashing Pumpkins,4
Jackie Edwards,4
Basement Jaxx,4
Elephant Man,4
Kanye West,4
Herbert Von Karajan,4
My Chemical Romance,4
Bobbie Gentry,4
H-Town,4
Maurice Chevalier,4
Natalie Cole,4
Flamin' Groovies,4
Alexis HK,4
Galactic,4
Kris Kristofferson,4
Elva Hsiao,4
Fergie,4
New Roanoke Jug Band,4
The Cat's Miaow,4
Rick Ross,4
Michèle Arnaud,4
Bersuit Vergarabat,4
Arkona,4
Keb' Mo',4
Christian Quast,4
John D. Loudermilk,4
Charles Williams,4
Anne Dudley,4
Cam'Ron,4
Sergio Franchi,4
The Distillers,4
Lara Fabian,4
Cactus,4
Jaime Urrutia,4
Rance Allen Group,4
Gus Viseur,4
Edmundo Ros,4
Teenage Fanclub,4
SNAP!,4
Eliane Elias,4
Memphis Jug Band,4
Tammy Wynette,4
John Frizzell,4
Deftones,4
Abbott & Chambers,4
Roger Reynolds,4
Streetwize,4
Utopia,4
George Jones,4
Burning Spear,4
Blind Boy Fuller,4
Epitaph,4
5th Ward Boyz,4
Dorothy Norwood,4
Unwritten Law,4
Be Bop Deluxe,4
Maroon 5,4
CoCo Lee,4
Tom Barabas,3
The Dee Jays,3
Gustavo Santaolalla,3
Les Brown,3
Billy Bragg,3
The Crystal Method,3
Hanoi Rocks,3
Lupe Fiasco,3
B.B. King,3
Max Steiner,3
Juice Leskinen,3
Oldelaf et Monsieur D,3
Philippe Sarde,3
Schoolyard Heroes,3
Slackbaba,3
Roni Size,3
David Lynch,3
Connie Francis,3
Zombie Girl,3
Orquesta Aragon,3
Patsy Cline,3
Amy Winehouse,3
KRS-One,3
Ben E. King,3
Sofia Karlsson,3
Organ Donors,3
Carl Davis,3
Mr. Sancho,3
Yuridia,3
Ill Nino,3
The Jeff Healey Band,3
Jan Wayne,3
AFI,3
Max Stalling,3
Kool Savas,3
The Shirelles,3
T-Bone Walker,3
Oesch's die Dritten,3
Richard Souther,3
Gwen Stefani,3
Checkers,3
Niraj Chag,3
Pinchers,3
Vex'd,3
Alceu Valença,3
Dynamite Deluxe,3
Shaman,3
Al Denson,3
Y&T,3
Connie Smith,3
Donnie McClurkin,3
T.G. Sheppard,3
Natural Elements,3
Bessie Smith,3
Imiskoubria,3
Dave Brockie Experience,3
Edgar Bori,3
Joshua Rifkin,3
Free,3
Reel Big Fish,3
Chimaira,3
Catherine Howe,3
D.A.D.,3
Peret,3
DMX,3
Alice Stuart,3
Les Malpolis,3
DJ Rashad,3
Lili Ivanova,3
T.O.K.,3
The Highwaymen,3
Seguridad Social,3
Ensiferum,3
Conway Twitty,3
Harry Gregson-Williams,3
Mercedes Castro,3
The Weegs,3
Pinch,3
Daniela Dessì,3
Maire Brennan,3
Gloriana,3
Scott Glasgow,3
MIMS,3
Prozak,3
The Brooklyn Tabernacle Choir,3
Grupo Batuque,3
Remmy Ongala,3
The King Sisters,3
Milk Inc.,3
Glen Campbell,3
Kékélé,3
Heavenly,3
Bob Neuwirth,3
N.W.A.,3
Mike Vax,3
Spade Cooley,3
Corona,3
Gregory Isaacs,3
Steve Riley & The Mamou Playboys,3
Architecture In Helsinki,3
Planet P Project,3
Prince,3
The Steeles,3
The Berzerker,3
Jessica Simpson,3
Eddie Turner,3
Vanessa Bell Armstrong,3
Monster Magnet,3
The Tragically Hip,3
A Static Lullaby,3
Sunscreem,3
Ice Cube,3
Kai Winding,3
Jars Of Clay,3
Charley Pride,3
Sir Neville Marriner,3
Tinariwen,3
Bert Kaempfert,3
Babylon Disco,3
Cabas,3
Seamus Egan,3
Brian Keane,3
Renee Rosnes,3
Doug MacLeod,3
Jerry Lewis,3
Grant Geissman,3
Tommy James And The Shondells,3
Sharon Burch,3
George Harrison,3
Set Your Goals,3
Bill Cosby,3
Jean Lumière,3
Backstreet Boys,3
Jimmy Cliff,3
Jeff Scott Soto,3
Alexander O'Neal,3
Doyle Bramhall,3
Bare Jr.,3
Jeff Beck,3
Various Production,3
Chet Atkins,3
Facto Delafe y las flores azules,3
Michael Salgado,3
Walter Trout,3
Xmilk,3
Dax Riggs,3
Showbread,3
Bob Dylan,3
Atom,3
Albert King,3
Charlotte Gainsbourg,3
Cancer Bats,3
Jacky Cheung,3
Pretty Boy Floyd,3
unloco,3
Cut Copy,3
Horace Andy,3
Mack and Jamie,3
Joi,3
Fred Merpol,3
Philip Glass,3
The Mad Capsule Markets,3
K.I.Z.,3
Suicide,3
20/20,3
Arc Angels,3
Gerald Clayton,3
Stanley Clarke,3
David Evans,3
Aphasia,3
Oak Ridge Boys,3
Little Freddie King,3
Zebra,3
Phantom Planet,3
Tranzas,3
Sizzla,3
Ann Lee,3
Bryan White,3
Madilu System,3
Wailing Souls,3
Ron Goodwin,3
Ivan Parker,3
Alain-François,3
Johnny Copeland,3
Kelly Clarkson,3
Loudon Wainwright III,3
Humanzi,3
David & Steve Gordon,3
Shamen,3
Étienne Daho,3
City High,3
Fontella Bass,3
Marga Gomez,3
The Presets,3
El Gran Silencio,3
Chris Rea,3
Apache Indian,3
Kane,3
Willie Clancy,3
Steve Erquiaga,3
Luke Vibert,3
Robert Palmer,3
Charlie Rich,3
Fredi,3
Aaron Watson,3
Edmond Leung,3
Charlie Byrd Trio,3
The Gathering,3
Long Beach Dub Allstars,3
Chaotica,3
Claw Hammer,3
UK Subs,3
Converge,3
G-Unit,3
Konstantinos Galanos,3
Dobet Gnahoré,3
Five Fingers of Funk,3
Nerf Herder,3
Tania Maria,3
Dusminguet,3
DJ Omega,3
Eleanor McEvoy,3
Cama,3
Anthony Cruz,3
Ben Sidran,3
Hem,3
Dinosaur Jr.,3
Leila Chicot,3
Joe Satriani,3
Extreme,3
DJ Isaac,3
Charley Patton,3
Orquesta Broadway,3
Bone Thugs-N-Harmony,3
Plasmatics,3
Sivuca,3
Greater Vision,3
Sandi Thom,3
Firehouse,3
Shunza,3
Liars,3
Kisha,3
Bénabar,3
Pearl Jam,3
Andrae Crouch,3
Rishi Rich,3
Alex,3
Barry Manilow,3
Queens Of The Stone Age,3
Gipsy Kings,3
The Knightsbridge Strings,3
Styles P,3
Martha Wainwright,3
Fiona,3
Demonbreed,3
Call To Preserve,3
Descendents,3
The Pineapple Thief,3
Atari Teenage Riot,3
DJ Slugo,3
Lennie Tristano,3
Maurice Larcange,3
Scalplock,3
Trafik,3
Mavado,3
Strata,3
Dexys Midnight Runners,3
New York Dolls,3
DJ X-Change,3
Smut Peddlers,3
Salt The Wound,3
Shinehead,3
Jimmy Page,3
Buzzcocks,3
Cornell Campbell,3
Black Eyed Peas,3
Grayson Capps,3
Knack,3
Ziggy Marley And The Melody Makers,3
Crematorium,3
Claire Elzière,3
Junior Kimbrough,3
Toots & The Maytals,3
Dolores Keane,3
Danny Wilson,3
Art Ensemble Of Chicago,3
Andy Andy,3
Cracker,3
Danny Elfman,3
Sergio Dalma,3
Sonic Subjunkies,3
Fito Paez,3
Vusi Mahlasela,3
The White Stripes,3
The Plasmatics,3
Mira,3
Baby Rasta & Gringo,3
SOJA,3
Serpentine,3
The Robert Cray Band,3
James Darren,3
R.E.M.,3
Little Eva,3
Elvenking,3
Walter Jackson,3
Rancid,3
George Nooks,3
Story Of The Year,3
TEN MADISON,3
Lost Boyz,3
J.J. Cale,3
Bobby Hutcherson,3
Shelly Manne,3
M.I.K.E.,3
Christie Hennessy,3
Solas,3
Lisa Lynne,3
Al Di Meola,3
Marygold,3
JK,3
Circle Jerks,3
Planxty,3
Herb Alpert And The Tijuana Brass,3
Bally Sagoo,3
Ma Rainey,3
OutKast,3
Buddy Miles,3
Patrick Saint-Eloi,3
Brian Dullaghan,3
Los Amigos Invisibles,3
Donny Hathaway,3
Jimmy McCracklin,3
California Oranges,3
Young-Holt Unlimited,3
Professor Longhair,3
Bela Fleck And The Flecktones,3
Floor,3
Donna The Buffalo,3
Frank Stokes,3
Blackalicious,3
Eddie Calvert,3
Dino,3
Rolfe Kent,3
Alex Ubago,3
Dead Kennedys,3
Eagles,3
Frederik,3
45 Grave,3
Captain Hollywood Project,3
YGGDRASIL,3
Emotion Code,3
The Merry Macs,3
Sierra Maestra,3
Ramón Vargas,3
Tony Martin,3
Diesel Boy,3
Tommy Sands,3
Zombina & The Skeletones,3
Annie Lennox,3
Franz Ferdinand,3
Keep Of Kalessin,3
Carlos Vives,3
Gene Simmons,3
Sergio Mendes,3
Georges Brassens,3
Ill Harmonics,3
Desert Dwellers,3
Led Zeppelin,3
John Debney,3
John Mayall,3
Charlie McCoy,3
Pink Floyd,3
Clifton Chenier,3
Ultraviolence,3
Headliners,3
Brainchoke,3
Marisela,3
Willy DeVille,3
Ice,3
Semisonic,3
Christos Dantis,3
Nightfall,3
Jake Hess,3
Arturo Sandoval,3
The Who,3
Café Quijano,3
Jose Luis Perales,3
Lara,3
Joanna Connor,3
Stew,3
Goldfish,3
Solistiyhtye Suomi,3
Vilma Palma e Vampiros,3
Marc Lavoine,3
Indica,3
Wet Wet Wet,3
The Motors,3
Boyz II Men,3
BoDeans,3
Pery Ribeiro,3
The Clash,3
Yuppie Pricks,3
Uphill Battle,3
Mike Bloomfield,3
Tunsi,3
Robert Lockwood_ Jr.,3
Trivium,3
Yami Bolo,3
Kiprich,3
Mykill Miers,3
Screamin' Jay Hawkins,3
Cinder,3
John Davis,3
Orlando Pops Orchestra,3
The Frequency,3
YZ,3
The Clark Sisters,3
Eden's Bridge,3
Michelle & Vickie,3
Williamson,3
The Lord Weird Slough Feg,3
Gang Starr,3
Mungo Jerry,3
Gyptian,3
Nicholas Hooper,3
Zeca Baleiro,3
The Edgar Broughton Band,3
Warrior King,3
Cal Tjader,3
Beres Hammond,3
Memphis Minnie,3
April Wine,3
Fabolous,3
Mississippi John Hurt,3
Daddy Yankee,3
Tum Tum,3
Bruisers,3
Samy Deluxe,3
HardNox,3
James Newton Howard,3
Marty Robbins,3
Warrant,3
Novaspace,3
Théophil,3
LORE,3
George Michael,3
Kiss,3
Kim English,3
Alain Turban,3
Deekline & Wizard,3
Kary Ng,3
Chico Hamilton,3
Ultimate Fakebook,3
Petra,3
Evergreen Terrace,3
Andrew W.K.,3
Amoral,3
Everyday Sunday,3
Jefferson Starship,3
The Dillinger Escape Plan,3
A Tribe Called Quest,3
Mithotyn,3
Buju Banton,3
Mississippi Mass Choir,3
DJ Harry,3
Bow Wow Wow,3
DJ Spinn,3
Tina Ann,3
J. Karjalainen & Mustat Lasit,3
Jason & The Scorchers,3
Darryl Worley,3
Buckwheat Zydeco,3
Dixie Chicks,3
Parachute Band,3
Mannheim Steamroller,3
Linkin Park,3
Gloria,3
León Gieco,3
M83,3
Faiz Ali Faiz,3
Righteous Brothers,3
Richie Ray & Bobby Cruz,3
Massive Töne,3
The Charms,3
Aswad,3
Forensics,3
Taboo,3
Johnny Nash,3
João Gilberto,3
Alternative TV,3
Ray Kane,3
Yvette Horner,3
Eluveitie,3
Eric Demarsan,3
The Chi-Lites,3
Alex Gopher,3
GG Allin,3
Alias,3
Hacken Lee,3
Elliot Goldenthal,3
Dyango,3
Red Foley,2
Dave Rave_ Mark McCarron,2
Olivier Messiaen,2
Memphis Sheiks,2
John Digweed,2
Ricardo Arjona,2
Roberto Torres,2
Telecast,2
John Mellencamp,2
Bobby Capo,2
Pyrolator,2
Inhume,2
The Fontane Sisters,2
Pee Wee Crayton,2
Sneaky Sound System,2
Ray Sandoval,2
Halfway to Gone,2
Carroll Thompson,2
Satan's Host,2
Faces,2
Bobby Broom,2
Elakelaiset,2
Jim Kweskin_ The Jug Band,2
Circular,2
Leaders Of The New School,2
The Clancy Brothers,2
Spongebob Squarepants,2
Gang Of Four,2
Lighthouse Family,2
Neema,2
Quincy Jones,2
Lexie Mountain Boys,2
UKW,2
Oscar Peterson Trio,2
Sabda Brahma,2
Chase & Status,2
Xzibit,2
Fastway,2
Embrace the End,2
The Sterns,2
Xcultures,2
The Antlers,2
Jack Off Jill,2
Lee Michaels,2
Les Hurlements D'leo,2
Jerry Goldsmith,2
Dickies,2
Marshall Crenshaw,2
Reginaldo Bessa,2
SAF,2
P.o.d,2
brokeNCYDE,2
The Jets,2
Solitaire,2
Avril Lavigne,2
Tora Tora,2
Borialis,2
A-Studio,2
Bob Azzam,2
Paul Brown,2
Bröderna Djup,2
Rainbow,2
The Hit Factory,2
The Verve Pipe,2
Sub Focus,2
Hard Romantic,2
Mush,2
Big Maybelle,2
Entre Ríos,2
Dictafone,2
Word,2
Laurindo Almeida,2
Carl Belew,2
Kinky,2
Bescenta,2
Byther Smith,2
F.I.R.,2
Los Nakos,2
James Hunter,2
Johnny Winter,2
Kaizers Orchestra,2
Alfredo Kraus,2
Spooky Tooth,2
Rory Block,2
M.A. Numminen,2
Gisselle,2
Ned Miller,2
Izzy,2
Obie Bermudez,2
Lesley Gore,2
John Michael Talbot,2
Gaither Vocal Band,2
Since The Flood,2
Flowin Immo et Les Freaqz,2
Randy Stonehill,2
Herbert  von Karajan,2
Storyville,2
DAVE MATTHEWS BAND,2
Kathleen Madigan,2
MICHAEL WHITE,2
Onesidezero,2
Berrogüetto,2
Tomorrow,2
Susana Seivane,2
X,2
Loretta Lynn,2
France D' Amour,2
Ray Conniff;Billy Butterfield,2
Leo Gandelman,2
Spliff,2
All Leather,2
Jaguares,2
Arco Iris,2
Edith Lefel,2
POLINA,2
Daniel Kobialka,2
Mister Ries,2
Stephy Tang,2
Elizete Cardoso,2
Tree,2
Autumnblaze,2
Cass Fox,2
Jimmy Wayne,2
Extrabreit,2
Mr. De',2
Francky Vincent,2
Scott Matthews,2
Casey Bill Weldon,2
Shelby Lynne,2
Dropline,2
Lole y Manuel,2
K.T. Oslin,2
Syl Johnson,2
N.E.R.D.,2
Sam Fan Thomas,2
Novika,2
Neil Sedaka,2
Robin Fox,2
The Rongetz Foundation,2
Super Cat,2
Agency 1.9.9.4,2
Panzer AG,2
Pedro Aznar,2
A.Z.,2
Space Opera,2
Z.Z. Hill,2
Cirrus,2
"Myrick ""Freeze"" Guillory",2
Heavy D,2
Fast Eddie,2
Barbara Jones,2
W.A.S.P.,2
Antonio Koudele,2
Mark Wills,2
Flink,2
Hey Colossus,2
Perfection,2
Rene Touzet,2
Noel Harrison,2
Bacilos,2
Tresenlesen,2
Charlie Walker,2
Catupecu Machu,2
Kelly Sweet,2
Sugarbomb,2
Brice Kapel,2
Rocker-T,2
Kassav',2
Original Love,2
Jim Bryson,2
Albert Préjean,2
Pepe Kalle,2
Screaming Lord Sutch,2
Jamie Richards,2
Earth,2
All Time Low,2
Mae West,2
Adolph Hofner,2
Red I Flight,2
Elena,2
High Strung_ The,2
Triana Pura,2
Jimmy McGriff,2
Light Of The World,2
Sin Plomo,2
Vincent Bruley,2
Russ Taff,2
Brent Lamb,2
Otis Taylor,2
Burt Bacharach,2
Mase,2
Soul Mekanik,2
Brian Tyler,2
Whitney Cummings,2
Djelimady Tounkara,2
Kanda Bongo Man,2
The Statler Brothers,2
Dwight Twilley,2
David Jalbert,2
Terry Muska,2
SKOLD vs. KMFDM,2
Virtuoso,2
Ronny Eriksson,2
Chango Spasiuk,2
Ken Chu,2
Save As,2
Ghetto Mafia,2
Eagles Of Death Metal,2
Yank Rachell,2
99 Posse,2
Bloc Party,2
Undertakin' Daddies,2
Jedi Mind Tricks,2
Sandy Posey,2
Sun Yan-Zi,2
Tony Matterhorn,2
Gary Hobbs,2
Deborah Coleman,2
Oscar Lima,2
Leonard Kwan,2
Dead Prez,2
New Found Glory,2
Cannon's Jug Stompers,2
The B-52's,2
6CycleMind,2
Lifer,2
Jacques Higelin,2
SUMO,2
Youves,2
RyanDan,2
Anat Ben David,2
Bob Newhart,2
The Grease Band,2
Xose Manuel Budiño,2
Melvins,2
Gabinete Caligari,2
Soulwax,2
Saosin,2
Talib Kweli,2
Saga,2
Abracadabra,2
Tanya Chua,2
Sylvester Weaver,2
Rockit,2
Steve Smith,2
Enter the Haggis,2
Groucho Marx,2
The Monroes,2
La 5A Estacion,2
Onyx,2
Krayzie Bone,2
The Dells,2
Juelz Santana,2
Kevin Max,2
The Vaughan Brothers;Stevie Ray Vaughan;Jimmy Vaughan,2
Gene Pitney,2
The Katies,2
Nicole C. Mullen,2
Ray Davies,2
The Field Mice,2
Dave Alvin,2
Arctic Monkeys,2
Lifehouse,2
The Ronettes,2
Soilwork,2
Roberto Roena,2
Johnny Otis,2
Charlie Cruz,2
Bob Willis,2
Winston Reedy,2
The Incurables,2
Séamus Ennis,2
Nicolas Bacchus,2
ATB,2
Jazz Crusaders,2
Johannes Linstead,2
Suzanne Ciani,2
Les Bantous De La Capitale,2
Will Ackerman,2
Bury Your Dead,2
Paul Glazby,2
Kevin Burke,2
Rising Lion,2
Maria Forde,2
Jack Sheldon,2
John Ottman,2
Wild Horses,2
Oztara,2
Diamanda Galas,2
Colin James,2
Harvey Averne,2
Patric C,2
Panic At The Disco,2
Spinal Tap,2
Berlin,2
Estrellas Cubanas,2
Amil,2
Ed Ames,2
Spiral Stairs,2
Antonis Remos,2
Artie Fishel & The Promised Band,2
Terry Riley,2
Swans Of Avon,2
John Wesley,2
Vox Dei,2
Killswitch Engage,2
Eighteen Visions,2
Ghorwane,2
Bombay Rockers,2
Virgil Moorefield,2
T.I.,2
Seven Mary Three,2
Ec8or,2
Dallas Holm,2
Kool Keith,2
Rocky Whatule,2
William Coulter,2
The Party Group,2
The Jason Bonham Band,2
Igor Stravinsky,2
Death From Above 1979,2
Jennifer Brown,2
Christophe Beck,2
Nichols,2
Year of Desolation,2
The Balustrade Ensemble,2
Die Fantastischen Vier,2
Simon & Garfunkel,2
Kieran,2
Candlebox,2
Carmen Y Laura,2
Pat Travers,2
Paul Avgerinos,2
Venice,2
Chris Jagger,2
Maxi Priest,2
Brian Free & Assurance,2
Messy Marv,2
Sonny Terry / Brownie McGhee,2
Mix Mob,2
Giorgos Tsalikis,2
Reni,2
Bullet For My Valentine,2
Ancient Astronauts,2
Juan Carmona,2
Grandmaster Flash,2
Mayday,2
Rainer Bielfeldt,2
Chris Eaton,2
Benabar,2
James Carter,2
Mothers Pride,2
Albert Ayler,2
Cool cavemen,2
Arsonists Get All The Girls,2
Shaggy,2
Delbert McClinton,2
Mike And The Mechanics,2
Bloomfield,2
Shanadoo,2
Bruno Sanfilippo,2
GWAR,2
Vinícius de Moraes,2
Sinch,2
Steven Halpern,2
James Scott Skinner,2
Big Mike Griffin,2
Confetti's,2
Alexisonfire,2
Every Time I Die,2
Kenny G,2
Daler Mehndi,2
Kuba,2
Matisyahu,2
Jazzy B,2
At All Cost,2
Arika Kane,2
John Fogerty,2
Big John Greer,2
Theodore Shapiro,2
Goose,2
Black Sheep,2
SANSHIRO,2
The Velvet Underground,2
BigElf,2
Abysmal Dawn,2
New Order,2
React,2
John Wesley Ryles,2
Dendemann,2
Two Man Advantage,2
Gordon MacRae,2
Alvin Youngblood Hart,2
J.B. Lenoir,2
Biddu,2
Koffi Olomidé,2
Pelt,2
Assassin,2
Hall & Oates,2
Soul Embraced,2
Anthony Watson,2
Major Lance,2
Talking Heads,2
Constance Demby,2
Percy Faith & His Orchestra,2
Winds Of Plague,2
The Panic Channel,2
Las Niñas,2
Jonny Lang,2
Tigerstyle,2
Roy Buchanan,2
Old Man's Child,2
Mustafa Sandal,2
DJ Deeon,2
Hotwire,2
Double Image,2
The All American Rejects,2
David Banner / Sky / Marcus,2
Shania Twain,2
Moments In Grace,2
Mohammad Nouri,2
Dinosaur Jr,2
Big Audio Dynamite,2
Huey Dunbar,2
Mink DeVille,2
Jimmy Johnson,2
Bonita,2
King Diamond,2
Usher Featuring The Nu Beginning,2
Tyrone Wells,2
Grup Knar,2
Jean Corti,2
Monty Are I,2
Kenny Neal,2
Annie Blanchard,2
The Germs,2
Hector,2
Home Town Hero,2
The Cosmosamatics,2
Javier Navarrete,2
Sweet,2
Billy Price_ Fred Chapellier,2
Opals,2
North Mississippi Allstars,2
Jerry Yan,2
The Hollywood Brats,2
Bülent Ceylan,2
Enslavement Of Beauty,2
Rokia Traoré,2
Leana,2
Lil' Band O' Gold,2
Fred Locks,2
Kol Simcha,2
Pete Miser,2
Martin Denny,2
El Tiempo,2
Hinge,2
Carl Crack,2
The London Pops Orchestra,2
Orquesta Aragón,2
Antonio Bribiesca,2
Bitty McLean,2
The Scare,2
Jimmie Davis,2
Clp,2
Twinkle Twinkle Little Rock Star,2
X-tv,2
Novembre,2
Frost,2
Vodka Collins,2
It Dies Today,2
The Gufs,2
The Almost,2
Pierre Boulez,2
Rachel Portman,2
Aisha Duo,2
Theodor Zox,2
Dead To Me,2
Cartel,2
Kyle Eastwood,2
Gob,2
Danny Barnes,2
Spok Frevo Orquestra,2
Mystic Revelation of Rastafari,2
Soul Ballet,2
M,2
Orbit,2
Outerspace,2
Eldar,2
Tiny Bradshaw,2
Fountains Of Wayne,2
Conjunto Clasico,2
Vixen,2
Kim Wilson,2
Alberto Cortez,2
Tullycraft,2
Ramses,2
Bomb Squad,2
The Freedom,2
Benga,2
Josh Mullins,2
Die Bandbreite,2
Lonnie Brooks,2
The Shirrows,2
Pelle Carlberg,2
Marcel Mouloudji,2
The Vaughan Brothers,2
Alain Morisod,2
Loop Guru,2
Percy Faith And His Orchestra,2
Tom Petty,2
Monique Morelli,2
Melt Banana,2
Mart'nália,2
ZO2,2
Polkaholix,2
Alturas,2
Rockabye Baby!,2
Eko Fresh,2
Neeme Jarvi,2
Warren Barfield,2
Becoming The Archetype,2
Gerard Lenorman,2
Steve Morse,2
Joe Bataan,2
Jenney,2
Inoki,2
Enthroned,2
Swallow The Sun,2
Spitfire,2
Scott Ainslie,2
Faye Adams,2
Herbst9_ Z'ev,2
The Rance Allen Group,2
Royal S,2
Azukx,2
Los Titanes,2
Andy Russell,2
Sam Baker,2
Special Duties,2
Roger Miller,2
Sister Rosetta Tharpe,2
The Exciters,2
Dennis O'Neill,2
Hadag Nahash,2
Dean Martin,2
Nick Ingman;Gavyn Wright,2
Jaci Velasquez,2
Carman featuring Commissioned & The Christ Church Choir,2
Billy Butler,2
Frenchy,2
Thirst,2
Leigh Jones,2
Handsome Boy Modeling School,2
All Girl Summer Fun Band,2
Henry Mancini,2
Kari Tapio,2
Lionel Richie,2
Cookies,2
Irini Merkouri,2
Bob Cheevers,2
Francis Dhomont,2
Hatiras,2
Arthur Brown,2
Daath,2
Gary Morris,2
Frl.Menke,2
Miguel Gallardo,2
Neviss,2
Who Made Who,2
Harry Connick_ Jr.,2
Zuma,2
Joselito,2
Grizzly Bear,2
Ramón Vargas;Vesselina Kasarova;Vladimir Jurowski,2
Bobaflex,2
Chris Clark,2
Philip Bailey,2
Scarlet's Remains,2
Speech,2
Liquid Gang,2
David Banner,2
The Creation,2
Dons,2
Kristine W.,2
Legacy Five,2
Cradle Of Filth,2
Liquid Stranger,2
Melanie And The Secret Army,2
The Four Pennies,2
Janitor Joe,2
Debbie Davies,2
Kitty Wells,2
Owl City,2
Curtis,2
Django Asül,2
Ol' Dirty Bastard,2
Lunasicc,2
Zagar feat. Underground Divas,2
Pascal Sangla,2
AZ,2
Séamus Egan,2
Rajery,2
Bionikworld,2
Modeselektor,2
Jonn Serrie,2
Generation X,2
OV7,2
FU-Schnickens,2
Neil Innes,2
Delta 9,2
Alacranes Musical,2
Nando Lauria,2
Baroness,2
Ronnie Drew,2
Chico,2
Hot Club Of Detroit,2
Jerry Reed,2
Gloria De Haven,2
Lara & Reyes,2
Winifred Phillips,2
Superchumbo,2
Cotton Candy,2
50 Cent,2
Bukue One,2
Blink-182,2
Precious Bryant,2
The Wilburns,2
Metallica,2
Noisettes,2
Peter Tosh,2
Lorna,2
Fiona Sit,2
The Suicide Machines,2
James Taylor Quartet,2
The Irish Tenors,2
Eddie Boyd,2
The James Taylor Quartet,2
We Show Up On Radar,2
Justin Timberlake,2
Jeff Beck Group,2
Bruce BecVar,2
Tommy Makem;The Clancy Brothers,2
Akon,2
Markus,2
R.L. Burnside,2
Deitrick Haddon,2
Army of the Pharoahs,2
Out Of The Grey,2
Ismael Dueñas,2
The Bucketheads,2
Joy Kitikonti,2
Månegarm,2
Jackie Davis,2
Mystic Rhythms Band,2
Beogradski Sindikat,2
2-Gether feat. Sarinah,2
David Martin,2
Blue October,2
Tantric,2
Dave Eggar,2
Elizabeth Cotten,2
Richard Smith,2
Hatesex,2
The High Strung,2
The Ocean,2
Fudge Tunnel,2
The Strokes,2
Yolandita Monge,2
Vrse Murphy,2
Smash Palace,2
Alvino Rey And His Orchestra,2
White Willow,2
Jacob Young,2
Eric Champion,2
Héroes del Silencio,2
Mr.De',2
Belle and Sebastian,2
Babe Ruth,2
Bottom Of The Hudson,2
Agnes,2
Elvin Bishop,2
Portable,2
Bob Crosby,2
Andre Verchuren,2
Timo Maas,2
Clay Crosse,2
Floyd Cramer,2
Julie Roberts,2
Cake,2
Shadows Fall,2
Abraham Laboriel,2
Leonardo Favio,2
Four Tet,2
James Last,2
FSTZ,2
Davol,2
U.K. Subs,2
The Kitchen,2
ISRAEL & NEW BREED,2
Pedro Luis e a Parede,2
Dilated Peoples,2
Brigada Victor Jara,2
John Stewart,2
Nicho Hinojosa,2
Smidi Beats,2
Charlie Khan,2
Fuzz,2
D.A.R.,2
40 Grit,2
Danielle Bollinger,2
Patrick Bruel,2
Fehlfarben,2
Pee Wee King,2
The Tarriers,2
Harry Lauder,2
Eric B. & Rakim,2
Brasilian Tropical Orchestra,2
The Five Stairsteps,2
Dream Warriors,2
Beatnuts,2
Dntel,2
Cutting Edge,2
Charly García,2
Falco,2
Stephen Marley / Damian Marley,2
Wilshire,2
Las Ketchup,2
Kuijken Kwartet,2
Los Van Van,2
Chris Rodriguez,2
Mind Furniture,2
Ashton Shepherd,2
London Theatre Orchestra,2
Fania All Stars,2
Rated R,2
Plump DJs,2
Paul Cantelon,2
The Plimsouls,2
The Last Days Of Jesus,2
The Rapture,2
Brooke Valentine,2
Juan Farcik,2
Hemdale,2
Jim Kweskin with Samoa Wilson,2
Deborah Allen,2
Dale Hawkins,2
Patti Smith,2
Sapo,2
Janice Vidal,2
Cross Country,2
Vitamin C,2
Humble Pie,2
Creedence Clearwater Revived,2
Mish Mash,2
Ray Charles,2
Nancy Walker,2
Foghat,2
Jorge Alfano,2
Eyes Set to Kill,2
Wendo Kolosoy,2
Richard Burton,2
Incubus,2
Los Solitarios,2
William Goldstein,2
K'Naan,2
Junior Jack,2
Steinski,2
Gustavo Cerati,2
Vince Guaraldi,2
Plies,2
Audio Adrenaline,2
Josh Turner,2
Pheeroan Aklaff,2
Caspa,2
Minnie Riperton,2
Tommy Torres,2
Cassie,2
Stern,2
Tabu Ley Rochereau,2
Time Factory,2
KMD,2
Katie Armiger,2
Juan Diego Flórez / Orquesta Sinfónica de Madrid / Jesús López-Cobos,2
Olivia Ruiz,2
Bebo Norman,2
The Avengers,2
Lollipop Lust Kill,2
Boogie Pimps,2
B.A.D.,2
Mista,2
Pat Metheny,2
Móveis Coloniais de Acaju,2
Miguel Migs,2
The Game,2
Jeremy Spencer,2
Lonestar,2
The Continentals,2
Willie Barcena,2
Phil Vassar,2
Buddy Johnson,2
Gene Chandler,2
Fernando Ortega,2
Ray Lynch,2
Don & Juan,2
Thriller U,2
Deep Forest,2
Gerald Veasley,2
Steel Rain,2
Ten Years After,2
Ana Popovic,2
Fran Perea,2
Dennis Brown,2
The Forms,2
PMD,2
Crazy Girl,2
Rocky Hill,2
Eddie Money,2
Hot Club Of Cowtown,2
Gabriel Grossi,2
The Grip Weeds,2
"Clarence ""Gatemouth"" Brown",2
Chelsea,2
The Tokens,2
Palito Ortega,2
Carolyn Arends,2
Egberto Gismonti,2
Mr Brown,2
Little Feat,2
Ennio Morricone,2
Legion Of Green Men,2
Twenty 4 Seven,2
Belphegor,2
Luciana Souza,2
Rooney,2
Pale Forest,1
Little Willie John,1
Barry Goldberg,1
089 Clique feat. Prophet,1
Graham Central Station,1
Dean Evenson,1
Jape Squad,1
Walter Wanderley Trio,1
P.O.S,1
Los Barón De Apodaca,1
The Mustangs,1
Mystery,1
Jimmy Durante,1
Eri Esittäjiä,1
DJ Taz,1
SWAMI featuring Asuivre,1
Marc Broussard,1
Mat Maneri,1
Dabbler,1
Ketty DB,1
Mars Ill,1
Ambient Music Therapy,1
Van Gelder,1
The Race,1
Taste,1
Etienne de Crécy ,1
Magnatune Compilation,1
Rachel Loy,1
Sound 5,1
Cedric Myton,1
Festival,1
Chorus Line,1
Jinx,1
Nu Flavor,1
Jarvis Church,1
Sundial Aeon,1
Daler Mehndi;Chitra,1
Lenn Hammond,1
Tony Mathews,1
Izzy Stradlin And The Ju Ju Hounds,1
Sub Swara,1
Les Paul and Mary Ford,1
The Unborn Chikken Voices,1
Vulture Industries,1
DJ Icey,1
Byzantine,1
X-ecutioners,1
Gian Marco,1
Wonderland,1
Ed Byrne,1
Stephen Warbeck,1
Zumpano,1
Barley Bree,1
Reptil,1
JERRY WALLACE,1
Smartbomb,1
Les Witches,1
Beto y sus Canarios,1
Beneath The Sky,1
Beatnuts with Lil' Donny,1
The Willis Brothers,1
NAZCA PERU,1
Inspector 9,1
Juelz Santana / Bezel,1
The Red Telephone,1
Daan Junior,1
Herbert von Karajan and Turin RAI Symphony Orchestra,1
Múm,1
Joa~o Gilberto,1
Grace Gale,1
Mademoiselle Sane,1
Killers,1
Zombina & The Skeletons,1
Doc Pomus,1
Stan,1
Pat Green,1
Kekele,1
Dells,1
Sly Dunbar,1
Musical Youth,1
Silkie Ft. Harry Craze,1
Lightnin' Slim,1
OutKast featuring George Clinton,1
Marcel Azzola,1
Les Paul_ Mary Ford,1
Lords Of The Underground,1
Sirka Ragnar,1
Perez Prado_ His Orchestra,1
Sue Foley,1
Jill Paquette,1
Hurricane,1
The Tamperer,1
Bas-Sheva,1
Jason Michael Carroll,1
Debra Laws,1
Motograter,1
Tel Basta,1
Diamond D,1
Taking Dawn,1
Aftermath,1
Barrabas,1
Greis,1
Hef feat. Big2 & Dio,1
L7,1
Billy Bragg & Wilco,1
Little Brother,1
Luar Na Lubre,1
The Keys,1
Kate Maki,1
The Insects,1
Ultra X,1
Mario Piu,1
Symphony in Peril,1
Al Rapone,1
Tum Tum / Double T / LiL Ronnie,1
Lou Ann Barton,1
David Rose & His Orchestra,1
BT feat. JES,1
Faking David,1
Modern Day Escape,1
Shifty,1
Little Capes,1
Jean Marc Thibault,1
PRE,1
Sao Paris,1
Dj Kali,1
Marc Et Claude,1
Scott Weiland,1
Big Rich featuring J. Stalin_ Aristotle,1
The Bug Featuring Spaceape,1
Roj,1
The Summer Obsession,1
Lauren Wood,1
Maurane / Lara Fabian,1
Cassidy featuring Swizz Beatz,1
Buzzhorn,1
Louis Prima & Keely Smith,1
Barry Manilow Featuring The Glenn Miller Orchestra with Debra Byrd,1
Seventh Star,1
Montrose,1
Ricardo Lemvo,1
Janet Paschal/Charlotte Ritchie/David Phelps,1
Britny Fox,1
Dave And Ansel Collins,1
Doc & Merle Watson,1
Rikk Agnew,1
The Sugarhill Gang,1
David Palmer,1
Frederick Knight,1
Brian Eno And David Byrne,1
Don Davis,1
Saman,1
Emile Vacher,1
Taal,1
Laurindo Almeida / Charlie Byrd,1
Skeletonwitch,1
Clarence Fountain,1
Del Horno,1
The Cliks,1
LL Cool J / Freeway,1
Atomship,1
Céline Dion,1
Los Ninos De Sara,1
Javier Mendoza Band,1
Alex Theory,1
Naughty By Nature featuring Phiness,1
Rebecca Lynn Howard,1
Marco Polo,1
Tyree,1
The Harvard Lampoon Comedians,1
Raphael,1
Pariah,1
3 of Hearts,1
Fabián,1
Recluse,1
Paloalto,1
Cliff Bruner,1
Carl Cox Vs Yousef,1
Everly Brothers,1
State of Chaos,1
Angela Stewart,1
Dishwalla,1
Groove Karma,1
Avril,1
Supertalented,1
Smiley,1
Mest,1
Scissors for Sparrow,1
Mariachi Silvestre Vargas,1
F-4,1
Andréa,1
Ethel Merman,1
Curt Bois,1
Asterisk*,1
Crabby Appleton,1
Steve Azar,1
Mr. Grillo,1
Stress Assassin,1
Africando,1
Roger Creager,1
D.R.S.,1
Vicious Mary,1
Dine et Déon,1
Reach 454,1
Marvin Hamlisch,1
The Exies,1
Will To Will,1
Eko Fresh feat. Capkekz,1
David Taylor,1
Paul Thorn,1
Howie Day,1
Anna Abreu,1
23rd Turnoff,1
The Chieftains;Colin James,1
Dann Huff,1
James Ingram,1
Pete Rock & C.L. Smooth,1
Giuseppi Logan,1
The Cortinas,1
Ace Frehley,1
Arctique,1
Shangri Las,1
Domna Kountouri,1
Mint Condition,1
System of a Down,1
Harry Choates,1
Willie Isz,1
RIDDLIN' KIDS,1
Ruffneck,1
Freakhouse,1
Patrick Eudeline,1
Gina V. D'Orio,1
Tommy McLain,1
Norther,1
Eumir Deodato,1
Dynamix,1
Clockwise,1
DJ Spinn and DJ Rashad,1
Claude François,1
Latif,1
He Is Legend,1
Marilyn Scott,1
Sara Melson,1
Kate Clinton,1
John Cephas & Phil Wiggins,1
The Master Musicians of Jajouka featuring Bachir Attar,1
Belami,1
Bizzy Bone,1
Canis Dirus,1
Dezz White,1
Charanga Forever,1
Movado,1
Sonny Landreth,1
Tomash Gee,1
Tilman Sillescu,1
Mills Brothers,1
Leon Berry,1
Adam Richman,1
DCS,1
Mr. Kilombo,1
Commander Cody & His Lost Planet Airmen,1
Florida Boys,1
Patton Oswalt,1
The Temper Trap,1
The Last,1
Boards of Canada,1
Barrio Obrero,1
Chico Hamilton Quintet,1
Epidemic,1
Darko,1
The Honeydogs,1
The Tall Grass,1
Twista Featuring Cee-Lo,1
Black Box,1
Tony Malone And The Rapparees,1
Bon Jovi / Ray Davies,1
David Rose,1
Kashief Lindo,1
Jackson United,1
DMZ,1
Acorps de Rue,1
Los Jaigüey,1
Dirty Harry,1
Cherish The Ladies,1
Bellatrax feat. Tina Cousins,1
Hoodfellas,1
12 Gauge,1
Jellyfish,1
Cassidy featuring R. Kelly,1
9th Wonder featuring Defcon_ Phonte,1
Art Blakey's Jazz Messengers,1
Jeff Johnson,1
Oscar Pettiford,1
Hecklah & Coch,1
DJ Primo,1
The Wicklows,1
Long John Hunter,1
DJ Dips,1
Defari,1
Mustafa Sandal / Gülcan,1
Aberdeen,1
Life Long Tragedy,1
Ann Hampton Callaway;Laura Benanti;Michael Gruber;Everett Bradley,1
Frank Chacksfield & His Orchestra,1
Deep Puddle Dynamics,1
B.B.King,1
Frankie Negron,1
Rhinoceros,1
Cats In Boots,1
Paris Musette,1
Faron Young,1
Al Duvall,1
Anna Vissi,1
Death Cab for Cutie,1
The Waybacks,1
Vic Chou,1
3OH!3,1
Moonsorrow,1
Molesta Ewenement,1
J.J. Cale & Eric Clapton,1
Belle & Sebastian,1
Hound Dog Taylor and The Houserockers,1
Stimulator,1
Sven Tasnadi,1
Tim Hornsby,1
Julissa,1
One Block Radius,1
Theodis Ealey,1
Rachael Lampa,1
Francisco Céspedes,1
Vilma Palma,1
Les Bonapartes,1
The Booth Brothers,1
Bimbo,1
Ideal,1
Hi-Fi Companions,1
Carpenters,1
Massiel,1
Korpiklaani,1
Kako,1
Mulberry Lane,1
El Presidente,1
Derek Bailey,1
M Sane,1
Frank Vignola,1
Juan Diego Flórez / Mariusz Kwiecen / Orquestra de la Comunitat Valenciana / Daniel Oren,1
War Babies,1
José Roberto Bertrami,1
The Dils,1
Lacy J. Dalton,1
Xzibit featuring Jayo Felony and Method Man,1
Music Explosion,1
We Five,1
Midnight Fish,1
Take It Back!,1
Angela Lashley,1
Salieri,1
Kostis Maraveyas,1
Smokin' Joe Kubek & Bnois King,1
Hot Boys,1
Citizen Kaned,1
Big Mama Thornton with Kansas Bill and his Orchestra,1
Diego Verdaguer,1
Jeckyll & Hyde,1
Crusaders,1
Jeanne Robertson,1
Fajardo,1
The Secret Life of Teenage Girls,1
Frank Marino & Mahogany Rush,1
The Abominable Iron Sloth,1
Craig Wedren,1
Fort Minor,1
Gail Davies,1
Toni Braxton Featuring Babyface,1
Emilia,1
Buddy Jewell,1
Jean Gabin,1
Abijah,1
Claudio,1
Barbara Carr,1
Ramesses,1
Damita,1
Operator,1
Joe Lopez,1
Time Zone,1
Drop Dead_ Gorgeous,1
Beth Nielsen Chapman,1
Enuff Z 'Nuff,1
The Villas,1
Ministry of Sound,1
Kat DeLuna,1
Esion Jim,1
Charanga de la 4,1
Skyforger,1
Jericho,1
Zimbabwe Legit,1
From Autumn To Ashes,1
Creedence Clearwater Revisited,1
BassTurk,1
Esser,1
Test Icicles,1
I Wayne,1
A Different Breed of Killer,1
Kira,1
The Mighty Mighty Bosstones,1
Sounds Of Blackness,1
Jay Randall,1
Eyehategod,1
deadboy & the Elephantmen,1
Enuff Z Nuff,1
Gov't Mule,1
Petrol,1
Didier François,1
Alan Feinberg,1
Daylight Torn,1
Electronic pig,1
Márcio Faraco,1
(hed) p.e.,1
Fyah Blaze,1
Bill Boyd's Cowboy Ramblers,1
Silvério Pessoa,1
Jimmy Herring,1
John Legend [feat. Buju Banton],1
The Harvey Averne Dozen,1
BLEED THE SKY,1
Caspian,1
The Cars,1
Bobby Valentin,1
Midwest Product,1
Go Fish,1
Bruce Robison,1
Tri Atma,1
Natasha Bedingfield,1
Manuel & The Music Of The Mountains,1
Ras Michael and the Sons of Negus,1
Göteborgs Symfoniker / Neeme Järvi,1
Vincenzo Bellini,1
Rude Boys,1
The LeRoi Brothers,1
Noah Lewis,1
Monomonkey,1
Joey McIntyre,1
Hassan Annouri,1
Tha Chamba,1
Laid Back,1
John Wayne,1
Iggy And The Stooges,1
Dame Edna Everage with Carl Davis conducting the London Symphony Orchestra and The New Antipodean Singers,1
Juelz Santana / Freekey Zeekey / Monique Garnett,1
To My Surprise,1
Cecilia Bartoli / International Chamber Soloists / Orchestra La Scintilla / Adam Fischer,1
Sticky Fingaz,1
George Huff,1
Death SS,1
Luisito Rosario,1
Chariots,1
NewFound Road,1
The Prefects,1
Jimmie Vaughan,1
Dr Bombay,1
Johnny Carver,1
Danger Danger,1
Audio Pyper,1
Siouxsie,1
Mal De Ojo,1
Martriden,1
Lil Mz. 313 featuring DJ Rashad,1
Mick Hucknall,1
Rob Mullins,1
The Wiyos,1
Georges Parys,1
Deepface,1
Tones On Tail,1
Ice & Breeze,1
This Or The Apocalypse,1
Fast Eddie featuring Kool Rock,1
The Products,1
Moving Ninja,1
Hiram Bullock,1
East To West,1
Jorgen Ingmann,1
FIR,1
Alain Souchon,1
Muzsikas,1
The Sex Pistols,1
Juanes,1
Irish Tenors,1
ZombieSuckers,1
Adam Richmond,1
DÉSOLÉ,1
Gil Semedo,1
Our Time Down Here,1
Grand Funk,1
Oliver Lake Quintet,1
Tad,1
Lady GaGa,1
Big Daddy Kane,1
3 Steps Ahead,1
Ty Herndon,1
Studio,1
Joe Heaney,1
Sigmatropic,1
Chops,1
Peppermint Creeps,1
Louie Ramirez,1
Paul Carrack,1
Nikos Xilouris,1
Aurélien Merle,1
X-ecutioners featuring Tom Tom Club & Biz Markie,1
The Glencastle Sound,1
Birdapres,1
Richi M.,1
Minipop,1
Sleepy D,1
Jude Cole,1
Porter Wagoner,1
Emery,1
Angélica María,1
Shout Out Out Out Out,1
Bingo Players,1
Jimmy Burns,1
Baby Huey & The Baby Sitters,1
Lou Reid & Carolina,1
MN,1
Anane,1
Stars Like Fleas,1
Lloyd Banks,1
Wordsworth feat. Adanita Ross,1
João Gilberto / Gilberto Gil / Caetano Veloso,1
Ty Herndon;Stephanie Bentley,1
God Lives Underwater,1
Mägo de Oz,1
Dijous Paella,1
Willie Rosario,1
Big Dee Irwin,1
Damita Jo,1
Eddie and the Subtitles,1
Tonic,1
Israel & Moises,1
X (Australia),1
[kaleidoskop],1
Mike Brooks,1
Restless Heart,1
Kurupt,1
Cerati-Melero,1
SNOWPATROL,1
Lester Bowie,1
The Michael Stanley Band,1
Dark Party,1
Les Blaireaux,1
Total Fucking Destruction,1
Disembowelment,1
Kyle Riabko,1
Orchids,1
Emilio Tuero,1
Boots Randolph,1
Jordan & Baker,1
Roberto Perera,1
Stevie Ray Vaughan,1
June Hutton,1
Melatonin,1
Mil,1
Mr. Blue,1
Taylor Swift,1
Beres Hammond Feat. Natural Black,1
Luke Bryan,1
Rocket From The Tombs,1
Zuzu Bollin,1
Mighty Joe Young,1
The Cutting Edge,1
Ace Da Vinci,1
Rick Snel,1
IMISKOUBRIA featuring Etsi De,1
Rachael Starr,1
Hawkshaw Hawkins,1
Grachan Moncur III,1
Capone-N-Noreaga feat. Busta Rhymes and Ron Browz,1
T Lavitz,1
El Gran Combo De Puerto Rico,1
Ramy Ayach,1
Luna Orbit Project,1
A Perfect Murder,1
Geiom Feat. Marita,1
Stille Volk,1
Gus Cannon,1
Al Dexter,1
Sean Quinn,1
Beto Cuevas,1
Amber Nicholson,1
Suburbs,1
Sensations,1
Koffi Olomide,1
Commander Cody And His Lost Planet Airman,1
Zaïko Langa Langa,1
Kofi,1
Chucho Valdés,1
Viktor Krauss,1
Mother Superior,1
Eclier,1
Vinylbase,1
Laura Mikkola,1
Electric Light Orchestra,1
Bravehearts featuring Nas and Jully Black,1
Eazy-E,1
Ray Pillow,1
Michael Landau,1
Michèle Crider;Eleonora Jankovic;Vincenzo La Scola;Riccardo Muti,1
QBO,1
Paul Rodgers,1
Tommy Castro,1
The Funeral Pyre,1
Dj Kun,1
Milo,1
Amanajé,1
Coraleena Ellis,1
Mario Telles,1
Warner mack,1
Nights Like These,1
Wamdue Project,1
Ill Niño,1
Loudermilk,1
Chris Vickery,1
Kenny G Featuring Brian McKnight,1
Ciaran Byrne,1
Dub Pistols feat. Lindy Layton & Rodney P,1
Torcuato Mariano,1
DJ DLG feat. MC Flipside,1
Fabri Fibra,1
Gisele MacKenzie,1
Josie,1
The Moody Blues,1
Five Bolt Main,1
Taint,1
Sylvia Patricia,1
Tommy Overstreet,1
Lockwood,1
Leslie Mendelson,1
Beatnuts featuring Tony Touch,1
Little Angels,1
The Capitol Years,1
Cassius Clay,1
Anita Kerr,1
Ray Price,1
Lidell Townsell,1
Maria Callas/Giuseppe di Stefano/Ettore Bastianini/Silvana Zanolli/Luisa Mandelli/Giuseppe Zampieri/Arturo La Porta/Antonio Zerbini/Silvio Maionica/Coro e Orchestra del Teatro alla Scala_ Milano/Carlo Maria Giulini,1
Daddy Dog,1
The Wreckers,1
Diamond Rexx,1
George Schuller,1
Channel Live,1
David Phelps,1
Dealership,1
Vuneny,1
David Benoit,1
Dive,1
George Dalaras,1
Kurtis Blow,1
Symbiosis Orchestra,1
Los Del Sol,1
Karen Peck & New River,1
Mar Azul,1
The Even Dozen Jug Band,1
Rubyhorse,1
Phantomsmasher,1
Los Fernandos,1
Papoose,1
Los Morros Del Norte,1
Big One,1
Eddie Jones,1
Kirk Franklin with tobyMac & Sonny (of P.O.D.),1
Salt-N-Pepa,1
Livio Minafra,1
The Rambos,1
Republica,1
Doniki,1
Point Of Grace,1
Boondox,1
Matt Redman,1
The Ruby Suns,1
Badmarsh & Shri,1
David Raksin,1
Deborahe Glasgow,1
Sir Douglas Quintet,1
Chatelaine,1
Suzy Thompson,1
Geoff Muldaur,1
Adrenaline,1
My Little Airport,1
Frankie Howard,1
Ian Moore,1
Back Door Slam,1
Jimmy Wyble,1
Plagia,1
Pucho & His Latin Soul Brothers,1
Pete Bamboo,1
Natalie MacMaster,1
Tommy James & The Shondells,1
Hysterie,1
The Fever,1
At The Gates,1
Busdriver featuring Abstract Rude & Ellay Khule,1
The Roots / Jaguar,1
Cândido,1
lextrical,1
Little Joe,1
Jean-michel Rotin,1
Soilent Green,1
Mister Ries featuring Six Foe,1
8Ball & MJG,1
Eyes Cream,1
Larry Graham & Graham Central Station,1
Asure,1
GARFIELD,1
Michal,1
Richard Lloyd,1
Los Tres Diamantes,1
Chaka Demus & Pliers,1
Junior Parker,1
Aynsley Lister,1
Old Soul,1
Kapelle Herrenweide,1
Maria Callas/Giuseppe di Stefano/Orchestra del Teatro alla Scala_ Milano/Gianandrea Gavazzeni,1
Joan Sutherland,1
Roy Roberts,1
IYOV,1
Kellie Coffey,1
Ginny Owens,1
Cherrelle,1
5 Blind Boys Of Alabama,1
La Charanga Rubalcaba,1
King Tee,1
Clarence Profit,1
Virtue,1
Terje Lie,1
Mathey,1
Jean Carnigan,1
Toby Love Feat. Girlz Talk,1
L.A.V.I,1
Los Brujos,1
The Radio Dept,1
Marcelo Radulovich,1
Room 5,1
Charlie Haden,1
Leo Dan,1
Irreversíveis,1
Moros Eros,1
Stargarden,1
Alphonse Mouzon,1
Sébastien Roch,1
Axe,1
Marco Rima,1
Brian Littrell,1
Bruce Springsteen,1
Joe Graves & The Diggers,1
Jude Taylor & His Burning Flames,1
Wednesday 13,1
The Mighty Clouds Of Joy,1
Philly's Most Wanted,1
Saigon Kick,1
El Poder del Norte,1
Oliver Kalkofe,1
The Lord Henry,1
O'2L,1
Laron aka Swan featuring Alexander East,1
This Moment,1
D:Fuse vs The Scumfrog,1
The Radio Department,1
Edouard Duleu,1
Dixieland Jug Blowers,1
Jack Orsen & Taktlo$$,1
Janina,1
Various Indian Tribes,1
Ruben Cossani,1
Evolution,1
Frank Sinatra,1
Angel Romero / The Academy of St. Martin in the Fields / Iona Brown,1
Mil featuring Petey Pablo,1
Bikini Machine,1
Don Campbell,1
John Stevens,1
Edmundo Ros & His Orchestra,1
The Dirty Skirts,1
Organized Konfusion,1
Northern State,1
Toby Love featuring Julio Voltio,1
Donnie Brooks,1
Andres Calamaro,1
Pictures of Then,1
Kiril Valeri,1
Beat Pharmacy,1
Frankie J,1
Carl Doy with NZSO,1
Daughters,1
Kardinal Offishall / Keri Hilson,1
Three-6 Mafia,1
Nazz,1
The Stolen Minks,1
Morgion,1
Monty,1
Sulk,1
Jyve V,1
The Advantage,1
Black Eyed Peas / Les Nubians / Mos Def,1
Chroma Key,1
Coolio Da Unda Dogg,1
Janie Fricke,1
Chico Cesar,1
Daryl Hall & John Oates,1
Jean-Jacques Goldman;Edith Lefel;Malavoi,1
Defect & Quixotic,1
Jets,1
Commissioned,1
Ned Nash Orchestra,1
Djalma Correa,1
Corb Lund,1
Shade Sheist / N.U.N.E. / King Arthur,1
Parallel Sound,1
Liquid Soul,1
Estopa,1
Darwin's Waiting Room,1
Clementina De Jesus,1
Red Stick Ramblers,1
Kalibas,1
Turisas,1
Lil Wayne,1
Juan Carmona; Ricardo Larroze,1
CMW - Compton's Most Wanted,1
Kanye West / Lupe Fiasco,1
Malcolm McLaren,1
Paul Stanley,1
House Of Lords,1
Richard Walters,1
Nik & Jay,1
Stewart Francke,1
Máire Brennan,1
Tony Murena,1
Mawatari Matsuko,1
Deepest Blue,1
Eddie Henderson,1
Lou Busch,1
The Color Red,1
Ndala Kasheba,1
Michael Convertino,1
Souls Of Mischief,1
Farlow-Kirch Band,1
Nybbl,1
Languis,1
Mat Kearney,1
Los Munequitos de Matanzas,1
MC Sadri,1
Tabu feat. Mitzib,1
Marion Harris,1
Mr. Lif,1
Charlie Patton,1
The Shamrock Singers,1
Ricky Martin,1
Paul Simon,1
Equilibrium,1
MU330,1
Oui Oui,1
Ashbrg,1
The Antripodean Collective,1
Patti Smith Group,1
Orquesta America,1
Coph Nia,1
The Bongo Man,1
Luciano,1
Brooke White,1
Albin Myers,1
Grant And Wilson,1
Leningrad Cowboys,1
Irtio,1
Cyril Pahinui,1
Brenda Boykin,1
Nouvelle,1
Casa Bulga,1
Mt. Wilson Repeater,1
Major Lazer,1
Justo Almario,1
Murphy Lee / Zee,1
Baby Bash / Grimm,1
Starless & Bible Black,1
Five Blind Boys of Alabama,1
Rhinostar,1
Dope Stars Inc.,1
Fastball,1
Swim,1
Spoonie Gee,1
Yölintu,1
Sonny Terry,1
Vince Guaraldi / Bola Sete,1
Trentemoller,1
For Squirrels,1
Bodies In the Gears of the Apparatus,1
Ross,1
Fort Minor (Featuring Mr. Hahn),1
Geiom Ft. Marita,1
Markscheider Kunst,1
Yellowcard,1
Ashtrax,1
Ebba Forsberg,1
Danilo Perez,1
Amilcar,1
Seatrain,1
Geiom,1
Semprini,1
Non Phixion,1
Paula Santoro,1
Mr Dubz,1
Terror Fabulous,1
The Florida Boys,1
Frankee,1
Earl Hooker,1
Ann Nesby / Jamecia Bennett,1
Peter Gallagher,1
Guitar Shorty,1
Beaver Harris,1
Jim Jones / Max B,1
Johnny Otis Show,1
Deckard,1
Pete Philly & Perquisite,1
MyKungFu,1
Zapp,1
Ebru Gündes,1
Cobra Killer,1
Three 6 Mafia,1
RUN-DMC Featuring Jagged Edge,1
Danny Diablo feat. Puerto Rican Myke,1
Raymond Lefèvre,1
Walter Ego,1
Mychael Danna & Jeff Danna,1
J.C. Lodge,1
Vaselines,1
Speedball,1
Paramore,1
Maddox Brothers and Rose,1
Columbia Symphony Orchestra;Igor Stravinsky,1
Electrostatic,1
ZTrip,1
Paul Overman,1
The Russell Family,1
Urge Overkill,1
Nicola Fasano,1
Sean Callery,1
Trick Trick / Obie Trice,1
Pantanito,1
Dub Pistols feat. Rodney P & Terry Hall,1
Jeff Talmadge,1
Off Broadway,1
Anubis Spire,1
Brownie McGhee,1
Crucial Conflict,1
Population Reduction,1
Harry Diboula,1
Mac McAnally,1
Daryl Coley,1
Will Pan,1
Mark Ashley,1
Samba Enredo,1
Moonface,1
"Ricky Martin Feat. La Mari de ""Chambao",1
The Black Velvet Band,1
Sick Puppies,1
Sonny Simmons,1
Terry Dexter,1
Aram Shelton,1
Cowboy Mouth,1
Fontaine Sisters,1
Messy Marv featuring Clover Geez,1
King Curtis with Jack Dupree,1
Frank Caliendo,1
Till West & DJ Delicious,1
Ed Calle,1
No Address,1
David Johansen,1
Mikey General,1
Rummage,1
Adrienne Pierce,1
Vincenzo,1
Philippe Eidel,1
Taya wooden,1
The Sensational Alex Harvey Band,1
Lil Boosie feat. Bun B_ Trae_ Yo Gotti & Foxx,1
Richard Hawley And Death Ramps_ Arctic Monkeys,1
Vonray,1
Tom Petty And The Heartbreakers,1
Pinch feat. Rudey Lee,1
Jack Orsen feat. Fumanschu_ Justus,1
Barbara Lynn,1
Giorgos Marinis,1
Barry Mann,1
Fenton Robinson,1
Ino,1
Bizarre Inc,1
Daniel Chan,1
The Jeremy Spencer Band,1
The Hokum Boys,1
Nora,1
Tijuana Hercules,1
Speaker,1
Scheich,1
Radio Birdman,1
African Rhythm Messengers,1
Liquid Spill,1
Larry The Cable Guy,1
Toby Love,1
New Direction,1
Clarence Gatemouth Brown,1
Robin Frederick,1
SKYCLAD,1
Marquez the Greatest,1
Saarbrücken Radio Symphony Orchestra,1
Pam Thum,1
Refractory,1
Dale Russ / Finn MacGinty,1
Los Hispanos,1
Unison,1
Remi Nicole,1
L.a. Dream Team,1
Astrovamps,1
Bob Hope,1
Year Long Disaster,1
Jim Jones / Chink Santana,1
Los Rumberos Catalanes,1
G Unit feat. 50 Cent,1
Catia Werneck,1
Geddy Lee,1
Little Joe & The Thrillers,1
SOL,1
Patrick Lamb,1
Najoua Belyzel,1
The Clancy Brothers;Tommy Makem,1
Controlled Dissonance,1
LaWanda Page,1
Ram Squad,1
Jimmy Hughes,1
Buffalo Nickel Band,1
STEVE CAMP,1
Jaydee,1
Marc Dorsey,1
The Kirkbys,1
Mouth Of The Architect,1
Sex Machine,1
K.A.L.I.,1
Modern Lovers,1
Byron Cage featuring Tye Tribbett,1
Richie McDonald,1
Cheo Feliciano,1
Jack Johnson and Friends / Matt Costa,1
James Blackwood with The Light Crust Doughboys,1
Dominic,1
V Sinizter,1
Wesley Tuttle,1
Sal Mineo,1
The Fool'S Nose,1
Ionics,1
Digital Mystikz,1
Planetakis,1
Patience Dabany,1
The Flesh,1
Baby D,1
Dark new Day,1
Dokken,1
Eno,1
Mum,1
DJ Clue / Fabolous Sport,1
Leon Russel,1
TRAM 11,1
Oh No,1
Jah Legacy,1
22-20s,1
Neon Blonde,1
Slim Harpo,1
Cookie Crew,1
3 Way Funk,1
Plaza,1
Elmore James,1
Jupiter Rising,1
Dan Moretti,1
Love Jones,1
Band Of Horses,1
Misty Roses,1
Henri Rene And His Orchestra,1
I.N.T.,1
Heavy D / McGruff,1
Little Junior Parker,1
Aceyalone,1
Mario Garcia,1
Stone Temple Pilots,1
I Hate Sally,1
NG3,1
Vorstadtkinder,1
Sonia Dersion,1
Opiate For The Masses,1
Computer Paul,1
David Cook,1
Harry Connick_ Jr,1
Corderoy,1
Archie Bell and The Drells,1
Bo Carter,1
Redman / Saukrates / Icadon,1
DJ Envy,1
Elli Kokkinou,1
DJ X-Change featuring Joey A,1
Marcio Faraco,1
Tom Collier,1
Sonny James,1
Dobby Dobson,1
Eko Fresh feat. Summer Cem & DJ Ses,1
Dylan Kuo,1
Autonomous Bass Heads,1
Shelley Fabares,1
Guaco,1
Nana Mouskouri,1
Karlheinz Stockhausen,1
Al Toomer,1
bel canto,1
Wyclef Jean featuring Butch Cassidy and Sharissa,1
Angélla Christie,1
Cheri Keaggy,1
The Disposable Heroes Of Hiphoprisy,1
Webb Wilder,1
Julio Iglesias Jr.,1
Through the Eyes of the Dead,1
Bullethole,1
DJ X-Change featuring DJ Omega,1
Kris Gruen,1
Roy Carrier,1
Chacho,1
Ximena Sarinana,1
Kamelo Punto Semos,1
Fixx_ The,1
Le Vangle,1
Wilmington Chester Mass Choir,1
Hollowtip,1
Chalk Farm,1
Edu Lobo,1
Champion Jack Dupree With TS McPhee,1
Edwin Hawkins,1
Lord Sterling,1
The Johnny Otis Orchestra,1
Wilks featuring jah mason,1
Taras,1
Babbu Maan,1
Gabriela Anders,1
A Day To Remember,1
Lloyd Spiegel,1
Jimmy Nelson,1
Howard Armstrong,1
SUE THOMPSON,1
Rod Bernard,1
Cavo,1
F.l.y.,1
Junie,1
Lee Ritenour / Jeff Mironov,1
Saafir,1
Daddy Yankee / Bounty Killer,1
This Moment In Black History,1
Ken Yokoyama,1
Joey Negro,1
Kaskaad,1
Rod Piazza & The Mighty Flyers,1
Bebo & Cigala,1
Les Rythmes Digitales feat. Nik Kershaw,1
Yung Joc,1
Jeff Wahl,1
Koordinate Of Wonders,1
Black History,1
Mirah,1
Pepe Romero,1
Daouda,1
Ruby Isle,1
Rusted Shut,1
Unearth,1
Limbonic Art,1
Isabelle Adjani,1
Kuldeep Paras,1
Andre Popp,1
Coffinberry,1
Fred Simon,1
Cantara,1
Hot Live Guys,1
Jeremy Fisher,1
Busta Rhymes feat. Linkin Park,1
Paul Rogers,1
Amy Lambert,1
Bangalafumenga,1
Freedom,1
Jere McAllister,1
The Knife,1
Tarheel Slim,1
The Embarrassment,1
Orquesta Romantica de La Habana,1
Nick Conolly,1
Remy Shand,1
Black Messiah,1
Crowbar,1
The Kings,1
Edgar De L'est,1
Shakedown,1
Proficy,1
Pe'z,1
Morel,1
Sheila Walsh,1
Bruce Carroll,1
Billy Higgins,1
Gene Clark,1
The Family Stand,1
Southside Johnny Lyon,1
Fredericks_ Goldman_ Jones,1
Play,1
Mick Moloney,1
Winston McAnuff_ The Bazbaz Orchestra,1
Delirious,1
Norman Howard,1
Tammy Pescatelli,1
Antigone Rising,1
X-Raided featuring Teddy Bear_ Big Pook_ T-Nutty,1
Daara J,1
Roger Clyne & The Peacemakers,1
Olive,1
The Maine,1
The Aftermath,1
Hal Russell,1
Micachu,1
Sick On The Bus,1
King Swamp,1
Vincent Baguian,1
Cursed,1
Billy Murray,1
Mariah Carey Featuring Da Brat & JD,1
Rage Against The Machine,1
Slightly Stoopid,1
Foals,1
Bob McKenzie / Doug McKenzie,1
Angelo Badalamenti / Keira Knightley,1
Anthony Blea Y Su Charanga,1
Little Jr. Parker,1
Les Sexareenos,1
Tigertailz,1
Banda La Bocana,1
Darcelys,1
The Small Knives,1
Gene Latter,1
Erik Hassle,1
Angels,1
Sylver,1
Indigenous,1
Roommate,1
Dharma Bums,1
Georgia Satellites,1
Tha Liks featuring Defari,1
Elton Britt,1
JC Lodge,1
Louisa Mark,1
Cabin Crew,1
Adalberto Santiago,1
The Accursed,1
A Challenge Of Honour,1
Pescado Rabioso,1
Peter Hunningale,1
Pamelo Mounk'a,1
Foxy Brown / Total,1
Ann Nesby,1
Lady May,1
Billie Ray Martin Feat. Ann Peebles,1
Kartik Seshadri,1
Future Leaders of the World,1
Janice Robinson,1
Jeanne Pruett,1
Photo Atlas,1
The Blind Boys Of Alabama,1
Julio Iglesias Jr,1
Timothy Byram-Wigfield,1
THE COOKIES,1
Greg Vaccariello,1
Abrar - Ul - Haq,1
Green and Yellow,1
Wyclef Jean featuring will.i.am and Melissa Jiménez;Wyclef Jean featuring Machel Montano_ Daniela Mercury_ Black Alex_ and Djakout Mizik,1
Power Pill Fist,1
Cool For August,1
Pedro Laza Y Sus Pelayeros,1
Mylon LeFevre,1
THE AD LIBS,1
Patrick St-Eloi,1
Spectra Soul,1
Black Eyed Peas / Terry Dexter,1
Jawoll,1
Finest Dearest,1
Jean-Yves Thibaudet / Gewandhausorchester Leipzig / Herbert Blomstedt,1
Marco Demark feat. Peter Millwood,1
Jean Ferret,1
Danilo Perez / Claus Ogerman,1
All Shall Persih,1
Daft Punk,1
Orthrelm,1
Maria Bamford,1
JDS,1
Béla Fleck,1
Birds of Prey,1
Shakira Featuring Wyclef Jean,1
Virus,1
"Bobby ""Blue"" Bland",1
Olga Tañon,1
Royal Bubble Orchestra,1
Los Cisnes,1
Juan Diego Flórez / Riccardo Frizza / Orchestra Sinfonica di Milano Giuseppe Verdi,1
The Birds,1
Hassan Annouri feat. Cassandra Steen,1
Afrob feat. Sarah,1
Dala,1
Mick Clarke,1
Morton Gould,1
Tina Britt,1
Ramón Vargas;Vladimir Jurowski,1
Manjul,1
Ellen McIlwaine,1
Bravehearts,1
Dimitri Tiomkin,1
Ten Wheel Drive,1
Ed Bruce,1
Kathy Troccoli with Aaron Jeoffrey,1
Capone-N-Noreaga,1
Hunters,1
Savoy Brown,1
The Bureau De Change,1
Juggler,1
Sukhwinder Singh,1
A-FS,1
ColdWorld,1
Dub Pistols feat. TK & JMS,1
Vana,1
George Faith,1
DJ Vix,1
RUN-DMC vs. Jason Nevins,1
Karan Casey,1
Rhian Benson,1
Pascal Lejeune,1
Patricia Kaas,1
Mistress,1
Zen Lemonade,1
Eberhard Weber,1
Leeroy Stagger,1
Freddie Roulette,1
Greek Gypsy Musicians,1
Rainforest Trio,1
Kenny Wayne Shepherd,1
Fake Problems,1
Blanks77,1
Vince Taylor,1
Percy Mayfield,1
De La Ghetto,1
The Cufflinks,1
Shelby Flint,1
Zeltinger Band,1
Widespread Bloodshed,1
Paquito Guzman,1
Johnny Kidd And The Pirates,1
Sean Kingston,1
The Animals_ Sonny Boy Williamson,1
Bedwetters,1
iTAL tEK,1
Ebru Yasar,1
The Cannanes,1
Sergio Mendes / Black Eyed Peas,1
Christian McBride,1
Montserrat Caballé;Eugenio  Marco,1
Loketo,1
Erik Tronic,1
Dave Weckl,1
The Stems,1
Gary Go,1
Super700,1
Joy Enriquez,1
The In Crowd,1
Hermeto Pascoal,1
Nicole Mullen,1
Lynn August,1
Livingston Taylor,1
Kirk Franklin,1
Jody Bernal,1
Junior M. A. F. I. A.,1
The Red Jumpsuit Apparatus,1
Twin Atlantic,1
Judas Iscariot,1
Dean Elliott And His Big Band,1
Concretes,1
Sam Butera & The Witnesses,1
Cauda Pavonis,1
Mario Piu',1
Dead Hearts,1
One Be Lo,1
The Beatles,1
Radney Foster,1
Lil Boosie,1
John Hiatt,1
Russell Malone,1
Riamiwo,1
Helen O'Connell,1
Namatjira,1
Len Barry,1
Herbstrock,1
Giorgos Sabanis,1
Samba Mapangala and Orchestra Virunga,1
Jongo Trio,1
Charles Aznavour,1
Laura Leon,1
Milieu,1
Lexi,1
Vulgar Pigeons,1
Bill Perry,1
Nadine Renee,1
Stephen Marley,1
X-Static,1
Asha Puthli,1
Mississippi Fred McDowell,1
Leroy Van Dyke,1
Steinwolke,1
Jennifer Clarke,1
Beautiful Creatures,1
Iggy Pop,1
Black Tambourine,1
John Travolta / Christopher Walken,1
Airto Moreira,1
Cristy Lane,1
I Nuovi Angeli,1
Lincoln Center Jazz Orchestra,1
Ministère des Affaires Populaires,1
Ale Möller,1
Mel Blanc,1
DJ Ostkurve,1
Mindless Self Indulgence,1
089 Clique feat. Minnesota Snipe & Skinny Cueball,1
Perpetual Loop,1
Derek Bell,1
The Notorious B.I.G.,1
Kenny G featuring Daryl Hall,1
Anna Meliti,1
32 Leaves,1
Miranda Lee Richards,1
Cargo Cult,1
Caballo Dorado,1
Bimbo Band,1
Judy Mowatt,1
Jessica Simpson featuring Lil Bow Wow,1
Event Horizon,1
MDO,1
Hellsongs,1
Keira Green,1
Blondie,1
Frederic Galliano,1
Charlie Haden & Chris Anderson,1
Michelle Wright,1
Los Cumbieros Del Sur,1
DCX,1
Ben Watt feat. Estelle,1
Jim Jones featuring Oshy,1
Butterfly Temple,1
Top Of The Poppers,1
Jean-Claude Darnal,1
Bobby Bland,1
Lambda,1
You Should Go Ahead,1
Edelweiss,1
Bill Perkins,1
F4,1
Dark Distant Spaces,1
Los Abuelos De La Nada,1
Owsley,1
Naughty By Nature;Naughty By Nature featuring Zhane,1
The Wes Montgomery Trio,1
Josélito,1
Liam O'Flynn,1
Rudolph Valentino,1
Sportsguitar,1
Faith Yang,1
Billy May & His Orchestra,1
The Stranglers,1
Al De Lory,1
Dame Joan Sutherland / New Philharmonia Orchestra / Richard Bonynge,1
Frankie Randall,1
The John Buzon Trio,1
Annie Philippe,1
Cumberland Quartet,1
Larytta,1
Ben Jelen,1
Patrick Samson,1
J. Peter Robinson,1
The Gaskets,1
Voyager Series,1
Yvette,1
Inner Circle,1
Drouz,1
Los Manolos,1
Cedric Gervais Featuring Caroline,1
The Rodeo,1
Timbalada,1
Britney Spears feat. Pharrell Williams,1
Vivian Khor,1
Crystals,1
Ana Nikolic,1
Cadet,1
Pep Laguarda & Tapineria,1
Sunidhi Chauhan / Anu Malik / Jatin Sharma,1
Captain Beefheart & The Magic Band,1
Winterlight,1
Blindman's Sun,1
Dart,1
The Game feat. Jim Jones Camron & Bezell,1
Sharon Shannon,1
Joell Ortiz,1
Princess Lover,1
Nino Nardini,1
Mongo Santamaria Orchestra,1
Disco D,1
Jesse Malin and The St. Marks Social,1
Devine and emilyPLAY,1
Lou Reed,1
Green Day,1
Radio Moscow,1
Tum Tum [DJ Drop Mix],1
Hot Wire,1
Massimiliano Damerini,1
Montserrat Caballé;Placido Domingo;Vicente Sardinero;Judith Blegen;Sherrill Milnes;Georg Solti,1
Sex Machine ft. Shèna,1
Matteo Bonfanti e i maledetti,1
Douglas Miller,1
John Van Tongeren,1
Kati,1
The Equals,1
David Mingyue Liang,1
Low Millions,1
Michèle Crider;Vincenzo La Scola;Samuel Ramey;Riccardo Muti,1
TYR,1
The Jane Shermans,1
La Bergère,1
Kanye West / Adam Levine,1
Gorki,1
Jean Fauque,1
Ocho y Media,1
Mr Lab!,1
Far Too Jones,1
Bebe Winans,1
Rhian Lois,1
Non Stop DJs,1
Starski and Clutch,1
Dub Pistols feat. TK & Ashley Slater,1
Toni Braxton Featuring Shaggy,1
Illya Kuryaki And The Valderramas,1
Metsatöll,1
Nick Jonas & The Administration,1
Flávio José,1
Life In Your Way,1
SWAMI featuring Ishmael Morabe,1
Rakim,1
Christos Kedras,1
Steve Wilson,1
Groundhogs,1
Terror Squad / Remy / Prospect / Armageddon,1
Los Gaiteros de San Jacinto,1
Magic Systeme,1
Prisma,1
Plies featuring Tank,1
The Ghost Of Lemora,1
Kasia Stankiewicz,1
Al DiMeola,1
Tampa Red,1
Billy Pilgrim,1
C.L. Smooth,1
The MC5,1
Migraine,1
Angelica Maria,1
Attack Attack,1
Bedrock,1
George Hamilton IV,1
Roger Subirana,1
Chris Camozzi,1
Ben Harper And The Blind Boys Of Alabama,1
BB King,1
Baby Bash,1
Mocambo Allstars,1
The Raconteurs,1
Premiums,1
Arthur Fiedler;Earl Wild;Pasquale Cardillo,1
G.G. Allin,1
The Last Eighth feat. Dumi Right(Zimbabwe Legit) and Skillz,1
Montserrat Caballé,1
C.J. Chenier,1
The Frantic,1
El Barrio,1
Baby Grand,1
Cache Cache,1
TAKARU,1
Max Melvin,1
Gruppo Jazz Marca,1
String Trio Of New York,1
Monique Marvez,1
9th Wonder,1
Steve Porter,1
Stickboy,1
Abner Burnette,1
Dungeon Family,1
Deep Blue Something,1
Zachary Richard,1
Bruford,1
The California Cajun Orchestra,1
Intex Systems,1
Rick Ross / Carol City Cartel,1
Mago de Oz,1
Head Horny's,1
Maurice Chevalier / Françoise Dorin / Marina Hottine / Suzanne Gabriello / Jo Charrier / Marcel Carpentier / Perrette Souplex / Andree Grandjean / Cadet Rivers / Raymond Girerd / Orchestre De Jacques-Henri Rys / Jacques Henri Rys,1
False Prophets,1
Très,1
impulsonic,1
X-ecutioners featuring M.O.P.,1
Six Brown Brothers,1
:Blacks On :Blondes,1
Lily Holbrook,1
Roger Sanchez,1
Los Fabulosos,1
Cassidy,1
Jennifer Lopez featuring Ja Rule,1
Adrenalin O.D.,1
Criminal Class USA is Hush Hush Revolution,1
Dhamika,1
Silent Stream Of Godless Elegy,1
Paul Geremia,1
Soular,1
Robin Beanland,1
Connemara Stone Company,1
Yamandu Costa,1
José Augusto,1
Sven Scholander,1
Lisa Lisa & Cult Jam,1
Lynette Schultz,1
Drowning Pool,1
Paulette Tajah,1
Orenda,1
Riviera Regime,1
DJ X-Change featuring DJ Joey A,1
Chuck Wicks,1
Bruce Katz Band,1
Oscar Castro-Neves,1
Temple Of The Dog,1
Del The Funky Homosapien,1
Anané,1
Jim Breuer,1
Vince Guaraldi Trio,1
Easy Star All-Stars,1
Bobby Marchan,1
Sound Field,1
Protein,1
The Paynes,1
Svartthron,1
Jan Howard,1
Eduardo Fernandez,1
Noemí,1
Passion,1
Gaetano Donizetti,1
The Mystic Moods Orchestra,1
Bitter End,1
Tony Tuff,1
Rupa & the April Fishes,1
Weedeater,1
Kerson,1
Marvin Hamlisch;John Lithgow;Jeffrey Huard,1
Midge Ure,1
The Knux,1
Erja Lyytinen,1
Ghost Machine,1
Leonid Rudenko,1
Ulytau,1
Dan Cummins,1
Unkle Bob,1
Gordon Jenkins,1
David Gilmour Featuring Richard Wright,1
Terry Snyder,1
Isaacs,1
Jonathan Edwards / Will Ferrell,1
France D'Amour,1
John Doan,1
Walter Hawkins,1
Doug Sahm,1
Benny Spellman,1
Portobello,1
Perrocker,1
Nick Colionne,1
Emit,1
Arne Weise,1
The Gentle Good,1
The Bronx Horns,1
Evanescence,1
2Fresh,1
Big Daddy Rick,1
Azis,1
Falling Into Place,1
Oceansize,1
V V Brown,1
Paulo Flores,1
Eduardo Dusek,1
Major Lazer / Vybz Kartel / Afrojack,1
Piero Esteriore,1
The Game / Nas,1
Akon / Kardinal Offishall,1
Meiway,1
Shai Hulud,1
Beatnuts featuring dead prez and Cheryl Pepsi Riley,1
Big Joe Turner,1
Boney James And Rick Braun,1
Foxy Brown,1
The Token,1
Moist,1
Diego Vasallo,1
Letters To Cleo,1
Steve Harvey,1
Bumblefoot,1
Emeneya,1
The Oak Ridge Boys,1
X-Ecutioners featuring Big Pun,1
Os Gaiteiros de Soutelo,1
Clarisse Lavanant,1
This Is Hell,1
Fuel,1
Fortitude,1
Alexander Zonjic,1
Bone Loc,1
Dédé Saint-Prix,1
Malina,1
Akissa,1
Wang Chung,1
J.B.Lenoir,1
Terror Squad featuring Big Pun,1
Daryl Coley Featuring the New Generation Singers Reunion Choir,1
PitchBlack,1
Orquesta Harlow,1
The Flies,1
Spunk,1
Paris_ Texas,1
Wes King,1
Kokane,1
Carl Doy,1
Los Indios Tabajaras,1
Todos,1
A Ghost Devotion,1
Lupe Fiasco feat. GemStones and Graham Burris,1
Gustavo A. Santaolalla,1
Cómplices,1
Nickelback featuring Kid Rock,1
T-la Rock,1
Bob Sinclar,1
Antimatter,1
D' Militante,1
Nicholas,1
The Oh Sees,1
Shay Torrent,1
Orlando Pops Orchestra and Andrew Lane,1
Terminal 11 feat. b.b0Nd,1
The Business,1
Sister Rosetta Tharpe & Marie,1
Guillaume Ledent,1
Tito Puenté,1
Dancecore Allstars,1
Pietari Inkinen,1
Bone Thugs-N-Harmony / Akon,1
Henry Lee Summer,1
Rainie Yang,1
"Dave ""Baby"" Cortez",1
Erin O'Donnell,1
Coco Montoya,1
Way Out West,1
Big Jay Oakerson,1
The Galactic Heroes,1
La Mancha De Rolando,1
Damone,1
Viki Mosholiou,1
The Last Vegas,1
Ms. Dynamite / Bounty Killer,1
Norrie Paramor,1
Eko Fresh feat. G-Style,1
Ray Vega,1
Cornel Campbell,1
Jean Carignan,1
Daniel Paul,1
The Starting Line,1
Cybertribe,1
Rea_ Chris,1
Shade Sheist / DJ Vice / DJ Echo / Damizza,1
A Tundra,1
Mandi,1
Gershon Kingsley,1
The Chi Lites,1
Roger McGuinn,1
Tha Liks featuring King T,1
Rev. Timothy Wright,1
Staatskapelle Dresden/Herbert Blomstedt,1
Kanye West / Consequence / Cam'Ron,1
Anneli Drecker,1
Jaime Jamgochian,1
Wendy Moten,1
Caniche Hara-Kiri,1
Porno For Pyros,1
Jewel,1
Johnny Daye,1
Mobb Deep featuring Nate Dogg,1
Caramell,1
Kid Sister,1
Martin Lawrence,1
Phil Spector,1
Wolfchant,1
The Dylans,1
Tayfun,1
Blessid Union Of Souls,1
Ya Boy,1
Olga Tañón,1
Wilks featuring pee wee ellis,1
Punk'd Royal,1
Chantal Chamandy,1
Thrilla U,1
D'Molls,1
Nicky B,1
Wade Ray,1
Lil' Romeo,1
Hins Cheung,1
J. B. Lenoir,1
Stellar Kart,1
Savage Garden,1
Yndio,1
Keb'Mo',1
Sukshinder Shinda,1
Cadacross,1
Sylvia Tosun,1
Hi-Tack,1
The Revolutionary Ensemble,1
Flame,1
Götterdämmerung,1
Stanley Clarke;Herbie Hancock,1
Gathering,1
T.G.Sheppard,1
Groupa,1
Angelo Badalamenti / Patrick Wolf,1
Jeff & Sheri Easter,1
Adr Lavey,1
Maurane,1
Socialburn,1
Soundgarden,1
Panic! At The Disco,1
Kenny Price,1
José Augusto;Catia Guimma,1
Tshala Muana,1
Nic Endo,1
Wanda De Sah,1
Necrodaemon,1
Kooii,1
Lightnin' Hopkins,1
The Reverend Peyton's Big Damn Band,1
André Minvielle,1
Wordsworth,1
Dictators,1
Mitch Ryder,1
Devanic,1
Peter Hunnigale,1
David Zinman,1
Christoper Titus,1
Larissa,1
Alkonost,1
Colombiafrica - The Mystic Orchestra,1
Swami,1
DJ Rashad featuring DJ Chi Boogie,1
The Zebras,1
The Bug Featuring Ricky Ranking,1
María,1
Stephen Pearcy,1
Lari White,1
Barenaked Ladies,1
Wayne Kramer,1
David Robertson,1
Omni,1
Die Symphony,1
Samba Trio,1
Jay-Z,1
Usher featuring Jermaine Dupri,1
